rel_path,source,bytes,sha256,frozen_at
convexity_EIP_curve.png,C:/Users/oderin/Documents/drive/000000_tezim/0000_tezim/r_project_tez/outputs/convexity_EIP_curve.png,46086,2c2b9a17f1d0415a98b3c565704d9293db417942918c2301e9bdf57b3de74254,2026-08-15 00:53:18 +03
convexity_EIP_map.png,C:/Users/oderin/Documents/drive/000000_tezim/0000_tezim/r_project_tez/outputs/convexity_EIP_map.png,52841,69ce11ec37c0651827c6614c411953ac8591c0a9647d518ce60da4240c335838,2026-08-15 00:53:18 +03
cross_scenario/combined_fig_prcc.png,C:/Users/oderin/Documents/drive/000000_tezim/0000_tezim/r_project_tez/outputs/cross_scenario/combined_fig_prcc.png,256621,971bebef9e48cffc150ea2cc6d30044f3677aef2e787123ba3f29ce17cde1ed7,2026-08-15 17:34:47 +03
cross_scenario/combined_plot_csi_heat.png,C:/Users/oderin/Documents/drive/000000_tezim/0000_tezim/r_project_tez/outputs/cross_scenario/combined_plot_csi_heat.png,725943,7fdb95dc75a0edb0acc294e2fed5e777d0ff174b41e1fb181f04b024fd814094,2026-08-15 00:53:18 +03
cross_scenario/combined_plot_csi_heat_vertical.png,C:/Users/oderin/Documents/drive/000000_tezim/0000_tezim/r_project_tez/outputs/cross_scenario/combined_plot_csi_heat_vertical.png,880615,90b20791ca305eed10768e30a47b4438435f704a635e6d63eb1c212b4b0c7ac6,2026-08-15 00:53:18 +03
cross_scenario/combined_plot_csi_heat_vertical_tr.png,C:/Users/oderin/Documents/drive/000000_tezim/0000_tezim/r_project_tez/outputs/cross_scenario/combined_plot_csi_heat_vertical_tr.png,980832,051a53bf77d09ab769b972751f64938315b8185e29c14189c5601e82305c793d,2026-08-15 17:34:47 +03
cross_scenario/combined_plot_csi_trend.png,C:/Users/oderin/Documents/drive/000000_tezim/0000_tezim/r_project_tez/outputs/cross_scenario/combined_plot_csi_trend.png,711356,c81e618e018efcd26556f4de4f5c0b0dd582f9fc3df172e9a9323623d5e63274,2026-08-15 00:53:18 +03
cross_scenario/combined_plot_monthly_risk.png,C:/Users/oderin/Documents/drive/000000_tezim/0000_tezim/r_project_tez/outputs/cross_scenario/combined_plot_monthly_risk.png,46489,9d462cf773f79e54ff2182512f5218dba7b593e9958f3ed96bb1b85c245be81c,2026-08-15 00:53:18 +03
cross_scenario/combined_plot_temp_rh_profile.png,C:/Users/oderin/Documents/drive/000000_tezim/0000_tezim/r_project_tez/outputs/cross_scenario/combined_plot_temp_rh_profile.png,1283494,d78e6fa764a29b7bb620582e330c36fc06664e6252c53300ddc60ce15530fa17,2026-08-15 00:53:18 +03
cross_scenario/combined_plot_temp_rh_profile_vertical.png,C:/Users/oderin/Documents/drive/000000_tezim/0000_tezim/r_project_tez/outputs/cross_scenario/combined_plot_temp_rh_profile_vertical.png,1342881,f803ffc0f7a7959c3c3601fa2de54fa4c10c07b0e216cf620feea1a6c8a6a962,2026-08-15 17:34:47 +03
cross_scenario/combined_plot_yearly_risk.png,C:/Users/oderin/Documents/drive/000000_tezim/0000_tezim/r_project_tez/outputs/cross_scenario/combined_plot_yearly_risk.png,1484444,791ba936625c6fbd445d23cbf1e1fb04c90a8f01b5c8ae8c826d3c7fe1ed9767,2026-08-15 00:53:18 +03
cross_scenario/fig_A1_poisson_validation.png,C:/Users/oderin/Documents/drive/000000_tezim/0000_tezim/r_project_tez/outputs/cross_scenario/fig_A1_poisson_validation.png,90313,ebbf3443a0c825ac622ea3dac8aa67ac05fadd4a7e04adcf653a4401fad8a662,2026-08-15 17:34:47 +03
cross_scenario/fig_R0_dagilim.png,C:/Users/oderin/Documents/drive/000000_tezim/0000_tezim/r_project_tez/outputs/cross_scenario/fig_R0_dagilim.png,88934,5605c84fd3ee3de302c22bae49de2f0afa88bd9275f0c8726f0c7489d2df0d94,2026-08-15 17:34:47 +03
cross_scenario/fig_decade_progression_3ssp.pdf,C:/Users/oderin/Documents/drive/000000_tezim/0000_tezim/r_project_tez/outputs/cross_scenario/fig_decade_progression_3ssp.pdf,10548,ee0ecf647819b5ca72c5074e2790b6ed5a70421f738c73ae964b4e0e8e4c516c,2026-08-15 00:53:18 +03
cross_scenario/fig_decade_progression_3ssp.png,C:/Users/oderin/Documents/drive/000000_tezim/0000_tezim/r_project_tez/outputs/cross_scenario/fig_decade_progression_3ssp.png,344813,cb5b0449fc7023c966ca2154ea4a252e2cc4c904342be682f601c667148514a4,2026-08-15 17:34:47 +03
cross_scenario/fig_forest.png,C:/Users/oderin/Documents/drive/000000_tezim/0000_tezim/r_project_tez/outputs/cross_scenario/fig_forest.png,91006,2f98269d3e8b9389c7456556a051c038a2078950d26551f97034b3d9cdc7c407,2026-08-15 17:34:47 +03
cross_scenario/fig_kartal_taylor_profile.png,C:/Users/oderin/Documents/drive/000000_tezim/0000_tezim/r_project_tez/outputs/cross_scenario/fig_kartal_taylor_profile.png,57960,ad85c41c7395a3f1728a6680c4710366624992d9ec7e82b978484a4535cb79ba,2026-08-15 17:34:47 +03
cross_scenario/fig_oat_heatmap.png,C:/Users/oderin/Documents/drive/000000_tezim/0000_tezim/r_project_tez/outputs/cross_scenario/fig_oat_heatmap.png,280217,b7cc68eb1af7ab14f4920ffdea5f9b4120c0be4669310d091b1ed2932cf2696b,2026-08-15 00:53:18 +03
cross_scenario/fig_oat_m_profile.png,C:/Users/oderin/Documents/drive/000000_tezim/0000_tezim/r_project_tez/outputs/cross_scenario/fig_oat_m_profile.png,352995,34005d79d66cd6bb5b8a338d78025be982d67e12e1732128a32e023fa0eb7967,2026-08-15 00:53:18 +03
cross_scenario/fig_oat_m_profile_en.png,C:/Users/oderin/Documents/drive/000000_tezim/0000_tezim/r_project_tez/outputs/cross_scenario/fig_oat_m_profile_en.png,356743,62963d2d91baf54f4ef81b5efa3b5da167e845b6308a27e597e25c98e66adf9a,2026-08-15 00:53:18 +03
cross_scenario/fig_oat_m_profile_pp.png,07_rebuild_oat_tables.R (turetilmis),288153,0b5be381df7b4c2c6f26bd622845fe4b7b070b5c70b3174c4cd540703885c155,2026-08-15 01:27:15 +03
cross_scenario/fig_oat_tornado_pp.png,07_rebuild_oat_tables.R (turetilmis),199008,99a8ee0fc265fc72ffc2e6be6d1aa28a35cc68d240ed9c3cb77445f46cd1de67,2026-08-15 01:27:15 +03
cross_scenario/fig_pest_heat_final.png,C:/Users/oderin/Documents/drive/000000_tezim/0000_tezim/r_project_tez/outputs/cross_scenario/fig_pest_heat_final.png,162616,7d6f99a775a9374b0d2e0b2f182fcf3c26ed7b52a4ac3224b26bcbe39f41de22,2026-08-15 00:53:18 +03
cross_scenario/fig_pest_season_cross.png,C:/Users/oderin/Documents/drive/000000_tezim/0000_tezim/r_project_tez/outputs/cross_scenario/fig_pest_season_cross.png,346448,2baffb84deb6d3fed2b5f70148f025fe7df300128734045a3419bbe5aaf34530,2026-08-15 17:34:47 +03
cross_scenario/fig_pest_trend_cross.png,C:/Users/oderin/Documents/drive/000000_tezim/0000_tezim/r_project_tez/outputs/cross_scenario/fig_pest_trend_cross.png,768716,3ad6992b8f86cd3471d9bb7d54e47856af5ef186cd0ac17c60f56b083f6ca9a9,2026-08-15 00:53:18 +03
cross_scenario/fig_taylor_validation.png,C:/Users/oderin/Documents/drive/000000_tezim/0000_tezim/r_project_tez/outputs/cross_scenario/fig_taylor_validation.png,102346,69c3937a7b6826ff209b70c023b0fe116bdae2c3128bf839508824aab319f789,2026-08-15 17:34:47 +03
cross_scenario/fig_yearly_risk_comparison.png,C:/Users/oderin/Documents/drive/000000_tezim/0000_tezim/r_project_tez/outputs/cross_scenario/fig_yearly_risk_comparison.png,995957,b4eb8a585eb4185bd8214e16b278fea844024b3e3ab034b6c1c81f661ec12188,2026-08-15 17:34:47 +03
cross_scenario/fig_yearly_risk_comparison_en.png,C:/Users/oderin/Documents/drive/000000_tezim/0000_tezim/r_project_tez/outputs/cross_scenario/fig_yearly_risk_comparison_en.png,611754,a8d73077d46e49d3765beb9448024398bc9b6b7332ad416e48133f671836579a,2026-08-15 00:53:18 +03
cross_scenario/validation_all_ssp.png,C:/Users/oderin/Documents/drive/000000_tezim/0000_tezim/r_project_tez/outputs/cross_scenario/validation_all_ssp.png,213222,39eaa395ef9cd659aacf062cc615b8b4c9bf100fcf18301d7cce1c36b67b2de0,2026-08-15 17:34:47 +03
ssp126/analytic/ctmc_spark_horizon_2025_2075.csv,C:/Users/oderin/Documents/drive/000000_tezim/0000_tezim/r_project_tez/outputs/ssp126/model_results/ctmc_spark_horizon_2025_2075.csv,910,9bdf1d4a8b0f0aa16b8192561427dcfd32019aaffdbcb3110b917675e4e3b4eb,2026-08-15 00:08:41 +03
ssp126/analytic/ctmc_spark_horizon_2025_2075.rds,C:/Users/oderin/Documents/drive/000000_tezim/0000_tezim/r_project_tez/outputs/ssp126/model_results/ctmc_spark_horizon_2025_2075.rds,540,bb56fe30160f8a864f851b3567848b1107d4f04a4d9b5a5a4209459a8eb0b417,2026-08-15 00:53:18 +03
ssp126/analytic/ctmc_spark_monthly_2025_2075.csv,C:/Users/oderin/Documents/drive/000000_tezim/0000_tezim/r_project_tez/outputs/ssp126/model_results/ctmc_spark_monthly_2025_2075.csv,563769,b3328538a3ca329c098d986924b8b046cc1f66cf81a9bc470a63a9792cd1a2df,2026-08-15 00:08:41 +03
ssp126/analytic/ctmc_spark_monthly_2025_2075.rds,C:/Users/oderin/Documents/drive/000000_tezim/0000_tezim/r_project_tez/outputs/ssp126/model_results/ctmc_spark_monthly_2025_2075.rds,110890,341da983edb9ee8dc8fe986e5219c5c365a403e008635f0e9c049e6a0d7051dd,2026-08-15 00:53:18 +03
ssp126/analytic/ctmc_spark_yearly_2025_2075.csv,C:/Users/oderin/Documents/drive/000000_tezim/0000_tezim/r_project_tez/outputs/ssp126/model_results/ctmc_spark_yearly_2025_2075.csv,48582,c86b3ef5826cc744687fced087ce5d85a694ee1a687247b299306c2c1355fde4,2026-08-15 00:08:41 +03
ssp126/analytic/ctmc_spark_yearly_2025_2075.rds,C:/Users/oderin/Documents/drive/000000_tezim/0000_tezim/r_project_tez/outputs/ssp126/model_results/ctmc_spark_yearly_2025_2075.rds,12362,bbe03b76171bcfc489478ea77d102e79e81a8efc3a34e3441a2c70fbd722d390,2026-08-15 00:53:18 +03
ssp126/diagnostics/mc_validation/fig_abs_diff_histogram.png,C:/Users/oderin/Documents/drive/000000_tezim/0000_tezim/r_project_tez/outputs/ssp126/diagnostics/mc_validation/fig_abs_diff_histogram.png,21642,e970470b9241122c935b365ad5d5ede52ae91e966a69a833d468c2447398b16f,2026-08-15 00:53:18 +03
ssp126/diagnostics/mc_validation/fig_mc_vs_analytic.png,C:/Users/oderin/Documents/drive/000000_tezim/0000_tezim/r_project_tez/outputs/ssp126/diagnostics/mc_validation/fig_mc_vs_analytic.png,94711,a257a528598034458bafdbeb4159410cc8be725c6f3c7e6822d5139611b5c959,2026-08-15 00:53:18 +03
ssp126/diagnostics/mc_validation/mc_validation_results.csv,C:/Users/oderin/Documents/drive/000000_tezim/0000_tezim/r_project_tez/outputs/ssp126/diagnostics/mc_validation/mc_validation_results.csv,391259,3db54ac52095b93fa361fb91932a75cb058f8b70bfe9b4d5c8f0eed55f8da29c,2026-08-15 00:53:18 +03
ssp126/diagnostics/mc_validation/mc_validation_summary.csv,C:/Users/oderin/Documents/drive/000000_tezim/0000_tezim/r_project_tez/outputs/ssp126/diagnostics/mc_validation/mc_validation_summary.csv,829,6c4b796c193350f640cb0a44e92d8ac9f95704712d3be73e47de3be94e3681c1,2026-08-15 17:34:47 +03
ssp126/figures/fig_country_contrib.png,C:/Users/oderin/Documents/drive/000000_tezim/0000_tezim/r_project_tez/outputs/ssp126/figures/fig_country_contrib.png,127667,80f21cc3824c9d32e74cb974a9a320c3dfacc066fb8bbd3c938de2fce42f147d,2026-08-15 17:34:47 +03
ssp126/figures/fig_csi_heat.png,C:/Users/oderin/Documents/drive/000000_tezim/0000_tezim/r_project_tez/outputs/ssp126/figures/fig_csi_heat.png,190192,da6d0ccbc9dd67a96c9e133fe0711f3459e065e64dc34419814c09c824e2fdcb,2026-08-15 17:34:47 +03
ssp126/figures/fig_csi_trend.png,C:/Users/oderin/Documents/drive/000000_tezim/0000_tezim/r_project_tez/outputs/ssp126/figures/fig_csi_trend.png,134345,3982d103a2026a4f2f75ac51634a78c057f93743f356ea82e6bc169a11169dc0,2026-08-15 17:34:47 +03
ssp126/figures/fig_decade.png,C:/Users/oderin/Documents/drive/000000_tezim/0000_tezim/r_project_tez/outputs/ssp126/figures/fig_decade.png,191212,b6816f8485698878366262e2e16cfbc64f6779f753926b915a42c2dccc9d5648,2026-08-15 17:34:47 +03
ssp126/figures/fig_heatmap_lambda.png,C:/Users/oderin/Documents/drive/000000_tezim/0000_tezim/r_project_tez/outputs/ssp126/figures/fig_heatmap_lambda.png,132144,37ec024a2cf434b7feb7bf656d84a195b7d48bf102482f22f6a985f9d5a19b39,2026-08-15 17:34:47 +03
ssp126/figures/fig_import_heatmap.png,C:/Users/oderin/Documents/drive/000000_tezim/0000_tezim/r_project_tez/outputs/ssp126/figures/fig_import_heatmap.png,88315,536782931a00e5f341723c6bbd5d4ffd76ca217ac4f2bf78bb3e1141ca658c09,2026-08-15 17:34:47 +03
ssp126/figures/fig_import_trend.png,C:/Users/oderin/Documents/drive/000000_tezim/0000_tezim/r_project_tez/outputs/ssp126/figures/fig_import_trend.png,153464,cf8f47531f8d9fe751b0cc2bd4dc3d88888d7d11cbbf4e3b6ec0c268d489e234,2026-08-15 17:34:47 +03
ssp126/figures/fig_moran.png,C:/Users/oderin/Documents/drive/000000_tezim/0000_tezim/r_project_tez/outputs/ssp126/figures/fig_moran.png,111541,7451a185513a56445bf611406292e7f9a0afbd930593294cdd6477244ff60107,2026-08-15 17:34:47 +03
ssp126/figures/fig_pest_season.png,C:/Users/oderin/Documents/drive/000000_tezim/0000_tezim/r_project_tez/outputs/ssp126/figures/fig_pest_season.png,188902,2e3d724fc222645e3aa84313d018feb0bccb70515fa2d0735543347b8f535faa,2026-08-15 17:34:47 +03
ssp126/figures/fig_prcc.png,C:/Users/oderin/Documents/drive/000000_tezim/0000_tezim/r_project_tez/outputs/ssp126/figures/fig_prcc.png,60355,c39c7faa6ce6eaf842314be257fc1b2bc509114c065063b34ff10d32ad3f6927,2026-08-15 17:34:47 +03
ssp126/figures/fig_season.png,C:/Users/oderin/Documents/drive/000000_tezim/0000_tezim/r_project_tez/outputs/ssp126/figures/fig_season.png,139854,e8666ce5579e5ee554ef8909569556653cb9537058eb1d5be6d8d20570cd95d5,2026-08-15 17:34:47 +03
ssp126/figures/fig_temp_rh.png,C:/Users/oderin/Documents/drive/000000_tezim/0000_tezim/r_project_tez/outputs/ssp126/figures/fig_temp_rh.png,350959,27b1347c990b3063b61344819b67644ffe8d9922ec2d57addfd6ae1262c0b1fc,2026-08-15 17:34:47 +03
ssp126/figures/fig_tornado.png,C:/Users/oderin/Documents/drive/000000_tezim/0000_tezim/r_project_tez/outputs/ssp126/figures/fig_tornado.png,133609,e70a8eb73ac165edc9a22f2b48321d6216c8abc1ae99333b075bdc8ebdf549bb,2026-08-15 17:34:47 +03
ssp126/figures/fig_validation.png,C:/Users/oderin/Documents/drive/000000_tezim/0000_tezim/r_project_tez/outputs/ssp126/figures/fig_validation.png,88034,60023bf2f5a91405d6431cdecc7acce4620461329a626d205d618c40fe58f6ba,2026-08-15 17:34:47 +03
ssp126/figures/fig_yearly_risk.png,C:/Users/oderin/Documents/drive/000000_tezim/0000_tezim/r_project_tez/outputs/ssp126/figures/fig_yearly_risk.png,357491,4c99dfe0533af19921ed2f777d6f09a324b3b7d3e5e41bc25488866cc51849ce,2026-08-15 17:34:47 +03
ssp126/figures/fig_yearly_risk_en.png,C:/Users/oderin/Documents/drive/000000_tezim/0000_tezim/r_project_tez/outputs/ssp126/figures/fig_yearly_risk_en.png,361547,e4e9cf1696bc140cd3d0c8c93d9abe27a23c66fd5cb82371d9b8fbe6f0979392,2026-08-15 17:34:47 +03
ssp126/importation/eta_base/importation_pressure_monthly_2025_2075.csv,C:/Users/oderin/Documents/drive/000000_tezim/0000_tezim/r_project_tez/outputs/ssp126/sensitivity/importation/eta_base/importation_pressure_monthly_2025_2075.csv,2884017,714aef22988168172357cffd678b325c91f1e69f94fd5e44fb1b2318232ac3d7,2026-08-15 00:08:41 +03
ssp126/importation/eta_high/importation_pressure_monthly_2025_2075.csv,C:/Users/oderin/Documents/drive/000000_tezim/0000_tezim/r_project_tez/outputs/ssp126/sensitivity/importation/eta_high/importation_pressure_monthly_2025_2075.csv,2909972,4c49dae9bf74769bf7ba7992d296c7e44fa0cf85c8a17e34fd5d36a4726cce19,2026-08-15 00:08:41 +03
ssp126/importation/eta_low/importation_pressure_monthly_2025_2075.csv,C:/Users/oderin/Documents/drive/000000_tezim/0000_tezim/r_project_tez/outputs/ssp126/sensitivity/importation/eta_low/importation_pressure_monthly_2025_2075.csv,2904463,f4a9fdd0113befd0d92321743f16b3f01c7ff9517415a86e0d256290cdb6a738,2026-08-15 00:08:41 +03
ssp126/importation/k010/importation_pressure_monthly_2025_2075.csv,C:/Users/oderin/Documents/drive/000000_tezim/0000_tezim/r_project_tez/outputs/ssp126/sensitivity/importation/k010/importation_pressure_monthly_2025_2075.rds (rds -> csv),2817104,19f7b1ea6a9572a4b047363b77491cc22e60eaf8d4aed5bff3e80ea0d257971f,2026-08-15 00:13:18 +03
ssp126/importation/k013/importation_pressure_monthly_2025_2075.csv,C:/Users/oderin/Documents/drive/000000_tezim/0000_tezim/r_project_tez/outputs/ssp126/sensitivity/importation/k013/importation_pressure_monthly_2025_2075.rds (rds -> csv),2818475,35bc28bccb04522730507402d951b71a5d27f0dda35ab95063717e859fb224a1,2026-08-15 00:13:19 +03
ssp126/importation/k020/importation_pressure_monthly_2025_2075.csv,C:/Users/oderin/Documents/drive/000000_tezim/0000_tezim/r_project_tez/outputs/ssp126/sensitivity/importation/k020/importation_pressure_monthly_2025_2075.rds (rds -> csv),2816713,79b25ae170d0d3bdb78bbfe4850af63d8f69ca302f1550d8bed280c3b08e5edf,2026-08-15 00:13:21 +03
ssp126/importation/sensitivity_summary_ssp126.csv,C:/Users/oderin/Documents/drive/000000_tezim/0000_tezim/r_project_tez/outputs/ssp126/sensitivity/importation/sensitivity_summary_ssp126.csv,1063,b7de82e8291d57641ac96237afc96839e04710ab9c251f382d491aae25b019f3,2026-08-15 01:00:43 +03
ssp126/oat/base/ctmc_spark_horizon_2025_2075_rep1000.csv,C:/Users/oderin/Documents/drive/000000_tezim/0000_tezim/r_project_tez/outputs/ssp126/sensitivity/ctmc_mc/base/ctmc_spark_horizon_2025_2075_rep1000.csv,1809,9f91acd3ebeb6643467faa048a956c2a44877300b6ad58bc7257194398e4d3aa,2026-08-15 00:08:41 +03
ssp126/oat/beta_minus_20/ctmc_spark_horizon_2025_2075_rep1000.csv,C:/Users/oderin/Documents/drive/000000_tezim/0000_tezim/r_project_tez/outputs/ssp126/sensitivity/ctmc_mc/beta_minus_20/ctmc_spark_horizon_2025_2075_rep1000.csv,1820,602dc63a9c0fd0d058c69138e5f748a418000e45663b86f341e5072965f94b46,2026-08-15 00:08:41 +03
ssp126/oat/beta_plus_20/ctmc_spark_horizon_2025_2075_rep1000.csv,C:/Users/oderin/Documents/drive/000000_tezim/0000_tezim/r_project_tez/outputs/ssp126/sensitivity/ctmc_mc/beta_plus_20/ctmc_spark_horizon_2025_2075_rep1000.csv,1802,9d1d27783ddb89d9352968d30c23d1230c6aec7eb9b7b38fda3c6aa667280583,2026-08-15 00:08:41 +03
ssp126/oat/ip_minus_20/ctmc_spark_horizon_2025_2075_rep1000.csv,C:/Users/oderin/Documents/drive/000000_tezim/0000_tezim/r_project_tez/outputs/ssp126/sensitivity/ctmc_mc/ip_minus_20/ctmc_spark_horizon_2025_2075_rep1000.csv,1822,4f8ad818c77d493ec2a95d49cb4c11a5d9a6d1706285ae9109e38e219c968681,2026-08-15 00:08:41 +03
ssp126/oat/ip_plus_20/ctmc_spark_horizon_2025_2075_rep1000.csv,C:/Users/oderin/Documents/drive/000000_tezim/0000_tezim/r_project_tez/outputs/ssp126/sensitivity/ctmc_mc/ip_plus_20/ctmc_spark_horizon_2025_2075_rep1000.csv,1799,fb67720c77261988885e906d185b72faf8e29e73c55959b805c5dda17edc146e,2026-08-15 00:08:41 +03
ssp126/oat/m_050/ctmc_spark_horizon_2025_2075_rep1000.csv,C:/Users/oderin/Documents/drive/000000_tezim/0000_tezim/r_project_tez/outputs/ssp126/sensitivity/ctmc_mc/m_050/ctmc_spark_horizon_2025_2075_rep1000.csv,1722,5687e7e0f9660e88c8e9dd360463e39058d42b0ec3db771c35ac43082a8dc532,2026-08-15 00:08:41 +03
ssp126/oat/m_080/ctmc_spark_horizon_2025_2075_rep1000.csv,C:/Users/oderin/Documents/drive/000000_tezim/0000_tezim/r_project_tez/outputs/ssp126/sensitivity/ctmc_mc/m_080/ctmc_spark_horizon_2025_2075_rep1000.csv,1823,93df3f3d6bbeaa7b73b5a5910d3c06ac23bcfe9a332a9df3b60700595dd88ba8,2026-08-15 00:08:41 +03
ssp126/oat/m_120/ctmc_spark_horizon_2025_2075_rep1000.csv,C:/Users/oderin/Documents/drive/000000_tezim/0000_tezim/r_project_tez/outputs/ssp126/sensitivity/ctmc_mc/m_120/ctmc_spark_horizon_2025_2075_rep1000.csv,1807,9a15060c8ffffc9b72777d1f4003e61aee2ec134f0209e1d54a8359b2e2b4da4,2026-08-15 00:08:41 +03
ssp126/oat/m_200/ctmc_spark_horizon_2025_2075_rep1000.csv,C:/Users/oderin/Documents/drive/000000_tezim/0000_tezim/r_project_tez/outputs/ssp126/sensitivity/ctmc_mc/m_200/ctmc_spark_horizon_2025_2075_rep1000.csv,1724,696abc81dcc839a10a3d14e4b97f7dc9e9f0e6ae806f62c9507159ebba553a73,2026-08-15 00:08:41 +03
ssp126/oat/sensitivity_params.csv,C:/Users/oderin/Documents/drive/000000_tezim/0000_tezim/r_project_tez/outputs/ssp126/sensitivity/ctmc_mc/sensitivity_params.csv,289,de61e4a8ff500a0b5666fe271777a973a1cd642e0cfd88c73e817652370c302b,2026-08-15 00:08:41 +03
ssp126/oat/sensitivity_summary.csv,C:/Users/oderin/Documents/drive/000000_tezim/0000_tezim/r_project_tez/outputs/ssp126/sensitivity/ctmc_mc/sensitivity_summary.csv,19681,ce02cd125b7b1065292c877fad4a5481f5b9695bcf861ef39fb024d5f73d79eb,2026-08-15 00:08:41 +03
ssp126/oat/sensitivity_tornado.csv,C:/Users/oderin/Documents/drive/000000_tezim/0000_tezim/r_project_tez/outputs/ssp126/sensitivity/ctmc_mc/sensitivity_tornado.csv,755,73f6770e31b14619ba4a4a0fdac00f18c0f8200f4338c98147eb49e6a7eb11a4,2026-08-15 00:08:41 +03
ssp126/oat/tbl_oat_delta_pp.csv,C:/Users/oderin/Documents/drive/000000_tezim/0000_tezim/r_project_tez/outputs/_canonical/ssp126/oat/tbl_oat_delta_pp.csv,967,aacda2f8b8ae744b08879b062a8c68d832cc8cffe4379341bf1ae46dd3b3226e,2026-08-15 17:34:47 +03
ssp126/oat/tbl_oat_pufuk.csv,C:/Users/oderin/Documents/drive/000000_tezim/0000_tezim/r_project_tez/outputs/_canonical/ssp126/oat/tbl_oat_pufuk.csv,1052,9dd7af78dcdf21036762e62506e711b4e4cc6d8a3a72b56713ca1fcb1139a62e,2026-08-15 17:34:47 +03
ssp126/rainfall_CSI/CSI_comparison_3vs4.csv,C:/Users/oderin/Documents/drive/000000_tezim/0000_tezim/r_project_tez/outputs/ssp126/rainfall_CSI/CSI_comparison_3vs4.csv,6155,035f2aca79e22c9e82ef1fe33ff11bb92d9d7f774ea1f57d9750b15411827dc8,2026-08-15 00:53:18 +03
ssp126/rainfall_CSI/CSI_with_rainfall.csv,C:/Users/oderin/Documents/drive/000000_tezim/0000_tezim/r_project_tez/outputs/ssp126/rainfall_CSI/CSI_with_rainfall.csv,697438,a4af5bf2918524032ecdc9e8b7f90b8dd25e7a6643a4f2a3f0bb5c23e2ce9cb6,2026-08-15 00:53:18 +03
ssp126/rainfall_CSI/CSI_with_rainfall.rds,C:/Users/oderin/Documents/drive/000000_tezim/0000_tezim/r_project_tez/outputs/ssp126/rainfall_CSI/CSI_with_rainfall.rds,220478,d260acd74a6e1ce68527ee39a26802b318e57eb08a0d88c8568e74f938d8bcd3,2026-08-15 00:53:18 +03
ssp126/rainfall_CSI/m_seasonal_modulation.csv,C:/Users/oderin/Documents/drive/000000_tezim/0000_tezim/r_project_tez/outputs/ssp126/rainfall_CSI/m_seasonal_modulation.csv,3160,7004e86a0860e24decae410151122038652b0f3f4536fef25e0ec61e9f04b25d,2026-08-15 00:53:18 +03
ssp126/rainfall_CSI/precipitation_monthly_summary.csv,C:/Users/oderin/Documents/drive/000000_tezim/0000_tezim/r_project_tez/outputs/ssp126/rainfall_CSI/precipitation_monthly_summary.csv,3038,3425d20a9ecc7490a20f87348d20ff345e1d3322f6fa61a8fc345c87797aa392,2026-08-15 00:53:18 +03
ssp126/simulation/ctmc_spark_horizon_2025_2075_rep1000.csv,C:/Users/oderin/Documents/drive/000000_tezim/0000_tezim/r_project_tez/outputs/ssp126/simulation/ctmc_spark_horizon_2025_2075_rep1000.csv,1809,9f91acd3ebeb6643467faa048a956c2a44877300b6ad58bc7257194398e4d3aa,2026-08-15 00:08:41 +03
ssp126/simulation/ctmc_spark_horizon_2025_2075_rep1000.rds,C:/Users/oderin/Documents/drive/000000_tezim/0000_tezim/r_project_tez/outputs/ssp126/simulation/ctmc_spark_horizon_2025_2075_rep1000.rds,833,bf1d6be3eaa2527a09aaadfd334d401030058bd8ce43b805b6e439185b5dba61,2026-08-15 00:53:18 +03
ssp126/simulation/ctmc_spark_monthly_2025_2075_rep1000.csv,C:/Users/oderin/Documents/drive/000000_tezim/0000_tezim/r_project_tez/outputs/ssp126/simulation/ctmc_spark_monthly_2025_2075_rep1000.csv,639096,276a3018f5158f2e1b2655c382d15b38e3df2d83f3c46cafec713057ad18dc37,2026-08-15 00:08:41 +03
ssp126/simulation/ctmc_spark_monthly_2025_2075_rep1000.rds,C:/Users/oderin/Documents/drive/000000_tezim/0000_tezim/r_project_tez/outputs/ssp126/simulation/ctmc_spark_monthly_2025_2075_rep1000.rds,170599,b06d6a9f0c8334b12647dc50a8bcae582a07de1ed029d6cc562ea63947d26ca4,2026-08-15 00:53:18 +03
ssp126/simulation/ctmc_spark_yearly_2025_2075_rep1000.csv,C:/Users/oderin/Documents/drive/000000_tezim/0000_tezim/r_project_tez/outputs/ssp126/simulation/ctmc_spark_yearly_2025_2075_rep1000.csv,87125,0886bb9708ec5160c1fce6bfc9d2606de62dfcda68a8446938e5e27daef2746e,2026-08-15 00:08:41 +03
ssp126/simulation/ctmc_spark_yearly_2025_2075_rep1000.rds,C:/Users/oderin/Documents/drive/000000_tezim/0000_tezim/r_project_tez/outputs/ssp126/simulation/ctmc_spark_yearly_2025_2075_rep1000.rds,23705,6b796426f477182f63fc34680cec5104a1c60add6bb1aec1a9003b2e75d6d076,2026-08-15 00:53:18 +03
ssp126/tables/tbl_country_contrib.csv,C:/Users/oderin/Documents/drive/000000_tezim/0000_tezim/r_project_tez/outputs/ssp126/tables/tbl_country_contrib.csv,2136,581963ef7a21ce8c528ba6d59ee2c2facbe438b39a4bcba86a6c35e61a23a7e6,2026-08-15 17:34:47 +03
ssp126/tables/tbl_csi_monthly.csv,C:/Users/oderin/Documents/drive/000000_tezim/0000_tezim/r_project_tez/outputs/ssp126/tables/tbl_csi_monthly.csv,2412,1e02eb73fd65e11a0a7bb3848f59a53301e3f76ef2c0ae47d8951503f389cd2b,2026-08-15 17:34:47 +03
ssp126/tables/tbl_decade.csv,C:/Users/oderin/Documents/drive/000000_tezim/0000_tezim/r_project_tez/outputs/ssp126/tables/tbl_decade.csv,778,27b31feab03f0d2c981c26144d51a9fe838657cc04b4b4d47f6da1b114662559,2026-08-15 17:34:47 +03
ssp126/tables/tbl_horizon.csv,C:/Users/oderin/Documents/drive/000000_tezim/0000_tezim/r_project_tez/outputs/ssp126/tables/tbl_horizon.csv,276,2d5d1c51d83ccae4ac7921a36c5ea1c6580c03c412a0fb61837a5c64e7994ca2,2026-08-15 17:34:47 +03
ssp126/tables/tbl_import_summary.csv,C:/Users/oderin/Documents/drive/000000_tezim/0000_tezim/r_project_tez/outputs/ssp126/tables/tbl_import_summary.csv,296,2d4cb28e0e5653945caf69089ad566d65b09731122b6b69279d5b3a9f7926fbc,2026-08-15 17:34:47 +03
ssp126/tables/tbl_moran.csv,C:/Users/oderin/Documents/drive/000000_tezim/0000_tezim/r_project_tez/outputs/ssp126/tables/tbl_moran.csv,197,803453f625ba9b42c48a8e3c9522d68a02c830ca741f518c23c704c6ca272bb2,2026-08-15 17:34:47 +03
ssp126/tables/tbl_param_ranges.csv,C:/Users/oderin/Documents/drive/000000_tezim/0000_tezim/r_project_tez/outputs/ssp126/tables/tbl_param_ranges.csv,221,4dcb02ddee4314ff8e1973a37d66ca6b2ddcd59ea8c4dd1390231d2aa73ff684,2026-08-15 17:34:47 +03
ssp126/tables/tbl_prcc.csv,C:/Users/oderin/Documents/drive/000000_tezim/0000_tezim/r_project_tez/outputs/ssp126/tables/tbl_prcc.csv,458,8ad09dbaafceda51e8f507edeff5bdc235e05d1442ab711da4743a3d2f76a162,2026-08-15 17:34:47 +03
ssp126/tables/tbl_prcc_param_ranges.csv,C:/Users/oderin/Documents/drive/000000_tezim/0000_tezim/r_project_tez/outputs/ssp126/tables/tbl_prcc_param_ranges.csv,271,7d02b7c2f4746c664235f8a28b3534abc22d86adfe8a818026dd229d5c76010d,2026-08-15 17:34:47 +03
ssp126/tables/tbl_season.csv,C:/Users/oderin/Documents/drive/000000_tezim/0000_tezim/r_project_tez/outputs/ssp126/tables/tbl_season.csv,170,49ce55fec95f13e1a191029e3a4640ba000501adcc46ca2e4b61382a94617f92,2026-08-15 17:34:47 +03
ssp126/tables/tbl_sens_importation.csv,C:/Users/oderin/Documents/drive/000000_tezim/0000_tezim/r_project_tez/outputs/ssp126/tables/tbl_sens_importation.csv,1188,2f3edb563ecd830d034c67666bdf4e79dcc30772888ab3f0b2f889635887207a,2026-08-15 17:34:47 +03
ssp126/tables/tbl_validation.csv,C:/Users/oderin/Documents/drive/000000_tezim/0000_tezim/r_project_tez/outputs/ssp126/tables/tbl_validation.csv,123,2e9fdeb5a4446f315a0b71b7d684c6cbbce7dd1a2192409924854d7d43241930,2026-08-15 17:34:47 +03
ssp126/validation/validation_jensen_detail.csv,C:/Users/oderin/Documents/drive/000000_tezim/0000_tezim/r_project_tez/outputs/ssp126/validation/validation_jensen_detail.csv,155546,7d0a3dc321b571f584757b30697a84fe24b4aed8184bae3ee36070ed09774971,2026-08-15 00:53:18 +03
ssp126/validation/validation_stage1_summary.csv,C:/Users/oderin/Documents/drive/000000_tezim/0000_tezim/r_project_tez/outputs/ssp126/validation/validation_stage1_summary.csv,137,e391739dd0afb2abd317893dc81220619873604633d21203137e24aba7002d66,2026-08-15 17:34:47 +03
ssp126/validation/validation_stage2_jensen.csv,C:/Users/oderin/Documents/drive/000000_tezim/0000_tezim/r_project_tez/outputs/ssp126/validation/validation_stage2_jensen.csv,236,93fbc4eba66d5b314f710df102951b170a9e9fd265535055c46748d2bf8494be,2026-08-15 17:34:47 +03
ssp126/validation/validation_two_stage_full.rds,C:/Users/oderin/Documents/drive/000000_tezim/0000_tezim/r_project_tez/outputs/ssp126/validation/validation_two_stage_full.rds,165946,5cbcd4111d837fe951df6aaf52e54fee7f3148751f22c2247ae4b2fb5821ce23,2026-08-15 00:53:18 +03
ssp245/analytic/ctmc_spark_horizon_2025_2075.csv,C:/Users/oderin/Documents/drive/000000_tezim/0000_tezim/r_project_tez/outputs/ssp245/model_results/ctmc_spark_horizon_2025_2075.csv,905,4d7c489336252bf09437c023870b5b0e0598c3b681991da236aab487a7925fb9,2026-08-15 00:08:41 +03
ssp245/analytic/ctmc_spark_horizon_2025_2075.rds,C:/Users/oderin/Documents/drive/000000_tezim/0000_tezim/r_project_tez/outputs/ssp245/model_results/ctmc_spark_horizon_2025_2075.rds,540,0a8e56d0bdad74b7c78d4f00195817a37d132d776d2af4fa0e0cec56a06802ab,2026-08-15 00:53:18 +03
ssp245/analytic/ctmc_spark_monthly_2025_2075.csv,C:/Users/oderin/Documents/drive/000000_tezim/0000_tezim/r_project_tez/outputs/ssp245/model_results/ctmc_spark_monthly_2025_2075.csv,565165,5d4449ff526c0eed083ebf658ad43aa61f89d99b0c6a35cce56f64f94fb38d9e,2026-08-15 00:08:41 +03
ssp245/analytic/ctmc_spark_monthly_2025_2075.rds,C:/Users/oderin/Documents/drive/000000_tezim/0000_tezim/r_project_tez/outputs/ssp245/model_results/ctmc_spark_monthly_2025_2075.rds,111726,52fc9c7dfce671166e2269d7350b4a6084037f090f3841b1df28305e2f2687c1,2026-08-15 00:53:18 +03
ssp245/analytic/ctmc_spark_yearly_2025_2075.csv,C:/Users/oderin/Documents/drive/000000_tezim/0000_tezim/r_project_tez/outputs/ssp245/model_results/ctmc_spark_yearly_2025_2075.csv,48463,11806d9b5c9f3c2ab7955e8f6ad337aa46e0884dffc528232965862e195c9792,2026-08-15 00:08:41 +03
ssp245/analytic/ctmc_spark_yearly_2025_2075.rds,C:/Users/oderin/Documents/drive/000000_tezim/0000_tezim/r_project_tez/outputs/ssp245/model_results/ctmc_spark_yearly_2025_2075.rds,12456,aa8dc723277555a869a327847875ece9d47c29686c1724fcff60b8d6697b405c,2026-08-15 00:53:18 +03
ssp245/diagnostics/mc_validation/fig_abs_diff_histogram.png,C:/Users/oderin/Documents/drive/000000_tezim/0000_tezim/r_project_tez/outputs/ssp245/diagnostics/mc_validation/fig_abs_diff_histogram.png,21880,b5e1c6421d95ba61aa0fca3694cb3de0c5c5e8a4dad8edbffc286075ec8ad90b,2026-08-15 00:53:18 +03
ssp245/diagnostics/mc_validation/fig_mc_vs_analytic.png,C:/Users/oderin/Documents/drive/000000_tezim/0000_tezim/r_project_tez/outputs/ssp245/diagnostics/mc_validation/fig_mc_vs_analytic.png,92073,96742267e2e6d61105d9f7db5cc32ba2a984e398c697c4830599f75b255683f5,2026-08-15 00:53:18 +03
ssp245/diagnostics/mc_validation/mc_validation_results.csv,C:/Users/oderin/Documents/drive/000000_tezim/0000_tezim/r_project_tez/outputs/ssp245/diagnostics/mc_validation/mc_validation_results.csv,393912,02a1a633322f16af9d519f5ad7347dcd58c820500081e7af455659b0c717e0a1,2026-08-15 00:53:18 +03
ssp245/diagnostics/mc_validation/mc_validation_summary.csv,C:/Users/oderin/Documents/drive/000000_tezim/0000_tezim/r_project_tez/outputs/ssp245/diagnostics/mc_validation/mc_validation_summary.csv,829,989e1f199621cb4871f2325def48f90e6048049580f97811200066b697f8e0fa,2026-08-15 17:34:47 +03
ssp245/figures/fig_country_contrib.png,C:/Users/oderin/Documents/drive/000000_tezim/0000_tezim/r_project_tez/outputs/ssp245/figures/fig_country_contrib.png,127773,837e57982855f5f9dee25f94bf3236f6ed636d58b552d50b056a6528ce01f822,2026-08-15 17:34:47 +03
ssp245/figures/fig_csi_heat.png,C:/Users/oderin/Documents/drive/000000_tezim/0000_tezim/r_project_tez/outputs/ssp245/figures/fig_csi_heat.png,189365,53f08824c07cde28983ed7f70bec77a25ffa5d99611fc9c063cf428b952705b4,2026-08-15 17:34:47 +03
ssp245/figures/fig_csi_trend.png,C:/Users/oderin/Documents/drive/000000_tezim/0000_tezim/r_project_tez/outputs/ssp245/figures/fig_csi_trend.png,149639,3a22f526f3eeca1c1787251c9e33905f44e577f35dfe2001549b172309e69977,2026-08-15 17:34:47 +03
ssp245/figures/fig_decade.png,C:/Users/oderin/Documents/drive/000000_tezim/0000_tezim/r_project_tez/outputs/ssp245/figures/fig_decade.png,210090,8b470266c4775466d3f2dc5513daecee0d14dbd649ed45be4e962fa63a67f152,2026-08-15 17:34:47 +03
ssp245/figures/fig_decade_progression.pdf,C:/Users/oderin/Documents/drive/000000_tezim/0000_tezim/r_project_tez/outputs/ssp245/figures/fig_decade_progression.pdf,6567,2a8e5af209677ecfbc903910b65b8332167f994eb040b95b47d4148defaec2c3,2026-08-15 00:53:18 +03
ssp245/figures/fig_decade_progression.png,C:/Users/oderin/Documents/drive/000000_tezim/0000_tezim/r_project_tez/outputs/ssp245/figures/fig_decade_progression.png,225283,c58915949da0ed98de5137bd63cf595ccade32dba7e6b9938418e8b54c980dc4,2026-08-15 17:34:47 +03
ssp245/figures/fig_heatmap_lambda.png,C:/Users/oderin/Documents/drive/000000_tezim/0000_tezim/r_project_tez/outputs/ssp245/figures/fig_heatmap_lambda.png,132025,89a72bf5ce83f81313da5007d0a9d34b2b49b9a19d0af04dc76a242c0e924ca6,2026-08-15 17:34:47 +03
ssp245/figures/fig_import_heatmap.png,C:/Users/oderin/Documents/drive/000000_tezim/0000_tezim/r_project_tez/outputs/ssp245/figures/fig_import_heatmap.png,88517,9d4b9d98062db15ce94a51938d3011276c66fc30ea0f14c635ba6e2a9cda23df,2026-08-15 17:34:47 +03
ssp245/figures/fig_import_trend.png,C:/Users/oderin/Documents/drive/000000_tezim/0000_tezim/r_project_tez/outputs/ssp245/figures/fig_import_trend.png,145206,46bbafec3161c8e7e7fc0b74975081477016589bb78d1cadf3b46084720b60e0,2026-08-15 17:34:47 +03
ssp245/figures/fig_moran.png,C:/Users/oderin/Documents/drive/000000_tezim/0000_tezim/r_project_tez/outputs/ssp245/figures/fig_moran.png,117100,84da98d5bc2614fc7e6f555f2de3cc8cb49a87708a72fa034b5ba55c09907078,2026-08-15 17:34:47 +03
ssp245/figures/fig_pest_season.png,C:/Users/oderin/Documents/drive/000000_tezim/0000_tezim/r_project_tez/outputs/ssp245/figures/fig_pest_season.png,201247,89cda3bc4724972a92e79dc9110610aa8cbf5d45ad0e972c038df4b55f195569,2026-08-15 17:34:47 +03
ssp245/figures/fig_prcc.png,C:/Users/oderin/Documents/drive/000000_tezim/0000_tezim/r_project_tez/outputs/ssp245/figures/fig_prcc.png,60961,45080f7d0e296eeab25c795329d599c07c95196a0c94c47ef1391f332cab14b9,2026-08-15 17:34:47 +03
ssp245/figures/fig_season.png,C:/Users/oderin/Documents/drive/000000_tezim/0000_tezim/r_project_tez/outputs/ssp245/figures/fig_season.png,143702,eb1d1c5bb3630e0b0ee10433345f68bba5d10cef1c4bfd5bd0c29e7e918cf22d,2026-08-15 17:34:47 +03
ssp245/figures/fig_temp_rh.png,C:/Users/oderin/Documents/drive/000000_tezim/0000_tezim/r_project_tez/outputs/ssp245/figures/fig_temp_rh.png,353074,12cbe40f708f7f757a1f75af3590671e2f281392c8a7764d807c3d9496074f2a,2026-08-15 17:34:47 +03
ssp245/figures/fig_tornado.png,C:/Users/oderin/Documents/drive/000000_tezim/0000_tezim/r_project_tez/outputs/ssp245/figures/fig_tornado.png,130219,64ab686da0e088904210743211a56a69db65cb24a0bd04e3b829fde42faf0cc9,2026-08-15 17:34:47 +03
ssp245/figures/fig_validation.png,C:/Users/oderin/Documents/drive/000000_tezim/0000_tezim/r_project_tez/outputs/ssp245/figures/fig_validation.png,88755,71073a36fc780f5905b4b3fc95c121dc8ddee3e03c6c6fd5ca7b1ba40eed3e6c,2026-08-15 17:34:47 +03
ssp245/figures/fig_yearly_risk.png,C:/Users/oderin/Documents/drive/000000_tezim/0000_tezim/r_project_tez/outputs/ssp245/figures/fig_yearly_risk.png,367819,efc0a9125012e789852e0ff54dd26deafaea1e7a3fd44996b7c1c9228db54752,2026-08-15 17:34:47 +03
ssp245/figures/fig_yearly_risk_en.png,C:/Users/oderin/Documents/drive/000000_tezim/0000_tezim/r_project_tez/outputs/ssp245/figures/fig_yearly_risk_en.png,372211,b9686a4b1c45e017b160c46defe7dc4db598b9feec2b00190f77b27a707f1873,2026-08-15 17:34:47 +03
ssp245/importation/eta_base/importation_pressure_monthly_2025_2075.csv,C:/Users/oderin/Documents/drive/000000_tezim/0000_tezim/r_project_tez/outputs/ssp245/sensitivity/importation/eta_base/importation_pressure_monthly_2025_2075.csv,2870611,d91f2c46797278916dcaf68c51deba535dd80620cf31e2eb957faa7ec94d5bc1,2026-08-15 00:08:41 +03
ssp245/importation/eta_high/importation_pressure_monthly_2025_2075.csv,C:/Users/oderin/Documents/drive/000000_tezim/0000_tezim/r_project_tez/outputs/ssp245/sensitivity/importation/eta_high/importation_pressure_monthly_2025_2075.csv,2896243,04dad644169332b543d100b585b25e0a3e68d6f42f2bc7b54cd2ff84ae724842,2026-08-15 00:08:41 +03
ssp245/importation/eta_low/importation_pressure_monthly_2025_2075.csv,C:/Users/oderin/Documents/drive/000000_tezim/0000_tezim/r_project_tez/outputs/ssp245/sensitivity/importation/eta_low/importation_pressure_monthly_2025_2075.csv,2891201,639a84aaca4330fa06d200d635453d6f827f0dd19a691b348b96ed9018297c7c,2026-08-15 00:08:41 +03
ssp245/importation/k010/importation_pressure_monthly_2025_2075.csv,C:/Users/oderin/Documents/drive/000000_tezim/0000_tezim/r_project_tez/outputs/ssp245/sensitivity/importation/k010/importation_pressure_monthly_2025_2075.rds (rds -> csv),2806859,6c74ee4102398ec4637708775545162f908a04b21aabfc6cd70112a2e569b635,2026-08-15 00:13:24 +03
ssp245/importation/k013/importation_pressure_monthly_2025_2075.csv,C:/Users/oderin/Documents/drive/000000_tezim/0000_tezim/r_project_tez/outputs/ssp245/sensitivity/importation/k013/importation_pressure_monthly_2025_2075.rds (rds -> csv),2805069,8bf3f3d5500aa2146928e10af78f793c1dd00f0e75aff7d7074a9d66f22b4c09,2026-08-15 00:13:25 +03
ssp245/importation/k020/importation_pressure_monthly_2025_2075.csv,C:/Users/oderin/Documents/drive/000000_tezim/0000_tezim/r_project_tez/outputs/ssp245/sensitivity/importation/k020/importation_pressure_monthly_2025_2075.rds (rds -> csv),2805500,da16d21db49bb9fe9fa5cf50a635f56474b41cf162641d05fec2bbf3ce0dbaae,2026-08-15 00:13:25 +03
ssp245/importation/sensitivity_summary_ssp245.csv,C:/Users/oderin/Documents/drive/000000_tezim/0000_tezim/r_project_tez/outputs/ssp245/sensitivity/importation/sensitivity_summary_ssp245.csv,1064,0e94cf15390bcf4da93b9e9097875e9396896ae79d02c363f841d6992779d365,2026-08-15 01:00:43 +03
ssp245/oat/base/ctmc_spark_horizon_2025_2075_rep1000.csv,C:/Users/oderin/Documents/drive/000000_tezim/0000_tezim/r_project_tez/outputs/ssp245/sensitivity/ctmc_mc/base/ctmc_spark_horizon_2025_2075_rep1000.csv,1799,35e97eeffbd2bd26e5719df0e452c548794cbc032f1493c37a46d937b7ea4394,2026-08-15 00:08:41 +03
ssp245/oat/beta_minus_20/ctmc_spark_horizon_2025_2075_rep1000.csv,C:/Users/oderin/Documents/drive/000000_tezim/0000_tezim/r_project_tez/outputs/ssp245/sensitivity/ctmc_mc/beta_minus_20/ctmc_spark_horizon_2025_2075_rep1000.csv,1818,ef4730fe33fe5afd4942cadf2f390cb42f863c904c8d85dac86c05a098665843,2026-08-15 00:08:41 +03
ssp245/oat/beta_plus_20/ctmc_spark_horizon_2025_2075_rep1000.csv,C:/Users/oderin/Documents/drive/000000_tezim/0000_tezim/r_project_tez/outputs/ssp245/sensitivity/ctmc_mc/beta_plus_20/ctmc_spark_horizon_2025_2075_rep1000.csv,1787,60fffee3d5652574457b273c53a23fa59ea9174df8c56055a248c60e121766d2,2026-08-15 00:08:41 +03
ssp245/oat/ip_minus_20/ctmc_spark_horizon_2025_2075_rep1000.csv,C:/Users/oderin/Documents/drive/000000_tezim/0000_tezim/r_project_tez/outputs/ssp245/sensitivity/ctmc_mc/ip_minus_20/ctmc_spark_horizon_2025_2075_rep1000.csv,1815,7a90822faab543df562d30d6f36347b6470abe1c495802ea829514ee485b43af,2026-08-15 00:08:41 +03
ssp245/oat/ip_plus_20/ctmc_spark_horizon_2025_2075_rep1000.csv,C:/Users/oderin/Documents/drive/000000_tezim/0000_tezim/r_project_tez/outputs/ssp245/sensitivity/ctmc_mc/ip_plus_20/ctmc_spark_horizon_2025_2075_rep1000.csv,1786,c5e6d5c176e4c07a59105a445b79e2b5f608ce708b3c57877e58d969a6d0678a,2026-08-15 00:08:41 +03
ssp245/oat/m_050/ctmc_spark_horizon_2025_2075_rep1000.csv,C:/Users/oderin/Documents/drive/000000_tezim/0000_tezim/r_project_tez/outputs/ssp245/sensitivity/ctmc_mc/m_050/ctmc_spark_horizon_2025_2075_rep1000.csv,1840,b6f9480049de6e18457663c2a2b386f91c89bc405b9a359424a5ee98df1b6742,2026-08-15 00:08:41 +03
ssp245/oat/m_080/ctmc_spark_horizon_2025_2075_rep1000.csv,C:/Users/oderin/Documents/drive/000000_tezim/0000_tezim/r_project_tez/outputs/ssp245/sensitivity/ctmc_mc/m_080/ctmc_spark_horizon_2025_2075_rep1000.csv,1815,3ad6389f4df3124158696319f36797d24dedb47a0b93cc013a17e2230e6f9a68,2026-08-15 00:08:41 +03
ssp245/oat/m_120/ctmc_spark_horizon_2025_2075_rep1000.csv,C:/Users/oderin/Documents/drive/000000_tezim/0000_tezim/r_project_tez/outputs/ssp245/sensitivity/ctmc_mc/m_120/ctmc_spark_horizon_2025_2075_rep1000.csv,1784,4e4a42a7f30faea8b61fa0d2def4273d0f60c34ba7e571dfb1482a3b901f1e49,2026-08-15 00:08:41 +03
ssp245/oat/m_200/ctmc_spark_horizon_2025_2075_rep1000.csv,C:/Users/oderin/Documents/drive/000000_tezim/0000_tezim/r_project_tez/outputs/ssp245/sensitivity/ctmc_mc/m_200/ctmc_spark_horizon_2025_2075_rep1000.csv,1721,e0ec1c2a52d57ae801038ec048c4b3cc92bbc078f279be2e14bbef29b8908604,2026-08-15 00:08:41 +03
ssp245/oat/sensitivity_params.csv,C:/Users/oderin/Documents/drive/000000_tezim/0000_tezim/r_project_tez/outputs/ssp245/sensitivity/ctmc_mc/sensitivity_params.csv,289,de61e4a8ff500a0b5666fe271777a973a1cd642e0cfd88c73e817652370c302b,2026-08-15 00:08:41 +03
ssp245/oat/sensitivity_summary.csv,C:/Users/oderin/Documents/drive/000000_tezim/0000_tezim/r_project_tez/outputs/ssp245/sensitivity/ctmc_mc/sensitivity_summary.csv,19647,a241f02b52b9f25e611f25cf3c47f3f852df1d4f392f51c8f82a0de91472ed25,2026-08-15 00:08:41 +03
ssp245/oat/sensitivity_tornado.csv,C:/Users/oderin/Documents/drive/000000_tezim/0000_tezim/r_project_tez/outputs/ssp245/sensitivity/ctmc_mc/sensitivity_tornado.csv,752,4f5f6d0e51e2aed14009b8a614662837b14e7b592cf587470e27dcf3d81eb437,2026-08-15 00:08:41 +03
ssp245/oat/tbl_oat_delta_pp.csv,C:/Users/oderin/Documents/drive/000000_tezim/0000_tezim/r_project_tez/outputs/_canonical/ssp245/oat/tbl_oat_delta_pp.csv,947,339903f96a4350fdae5591d8f692d8f8a5b2bcbd1147e1b7478e3ab0175a8836,2026-08-15 17:34:47 +03
ssp245/oat/tbl_oat_pufuk.csv,C:/Users/oderin/Documents/drive/000000_tezim/0000_tezim/r_project_tez/outputs/_canonical/ssp245/oat/tbl_oat_pufuk.csv,1059,4304768ddf1220991555584cb99ea9cfa685c953097a3ede845349fb9197156a,2026-08-15 17:34:47 +03
ssp245/rainfall_CSI/CSI_comparison_3vs4.csv,C:/Users/oderin/Documents/drive/000000_tezim/0000_tezim/r_project_tez/outputs/ssp245/rainfall_CSI/CSI_comparison_3vs4.csv,6180,2176f069bfb76d0c12a871e1f4fcd103179de5864f29d26e34fde6b1d699372d,2026-08-15 00:53:18 +03
ssp245/rainfall_CSI/CSI_with_rainfall.csv,C:/Users/oderin/Documents/drive/000000_tezim/0000_tezim/r_project_tez/outputs/ssp245/rainfall_CSI/CSI_with_rainfall.csv,698375,4026b300ac268afd6038a6ce6faea51c7ed93c1c5b8e651c86d3b6c654e263d2,2026-08-15 00:53:18 +03
ssp245/rainfall_CSI/CSI_with_rainfall.rds,C:/Users/oderin/Documents/drive/000000_tezim/0000_tezim/r_project_tez/outputs/ssp245/rainfall_CSI/CSI_with_rainfall.rds,221748,f3a3b756b0394d24230afecf695e9121b95e9285502b61a4deddb2d12baa76f3,2026-08-15 00:53:18 +03
ssp245/rainfall_CSI/m_seasonal_modulation.csv,C:/Users/oderin/Documents/drive/000000_tezim/0000_tezim/r_project_tez/outputs/ssp245/rainfall_CSI/m_seasonal_modulation.csv,3210,227080307c167e22dd798f6204840492c4932eca0a56dd932b1b56a0748a345b,2026-08-15 00:53:18 +03
ssp245/rainfall_CSI/precipitation_monthly_summary.csv,C:/Users/oderin/Documents/drive/000000_tezim/0000_tezim/r_project_tez/outputs/ssp245/rainfall_CSI/precipitation_monthly_summary.csv,3037,478a8b170837b438903d6023aea90982131054b52e0bc933088c591e39bd6a5f,2026-08-15 00:53:18 +03
ssp245/simulation/ctmc_spark_horizon_2025_2075_rep1000.csv,C:/Users/oderin/Documents/drive/000000_tezim/0000_tezim/r_project_tez/outputs/ssp245/simulation/ctmc_spark_horizon_2025_2075_rep1000.csv,1799,35e97eeffbd2bd26e5719df0e452c548794cbc032f1493c37a46d937b7ea4394,2026-08-15 00:08:41 +03
ssp245/simulation/ctmc_spark_horizon_2025_2075_rep1000.rds,C:/Users/oderin/Documents/drive/000000_tezim/0000_tezim/r_project_tez/outputs/ssp245/simulation/ctmc_spark_horizon_2025_2075_rep1000.rds,827,dbf4c4dd0c25804105ad38f3e4a31a62668e26ef6e4c8d65ef1e12b92a2c3525,2026-08-15 00:53:18 +03
ssp245/simulation/ctmc_spark_monthly_2025_2075_rep1000.csv,C:/Users/oderin/Documents/drive/000000_tezim/0000_tezim/r_project_tez/outputs/ssp245/simulation/ctmc_spark_monthly_2025_2075_rep1000.csv,642124,cb99dcb23a484a0e3692ee583c0dbbc713a84e03a225407b46c3184d157a280a,2026-08-15 00:08:41 +03
ssp245/simulation/ctmc_spark_monthly_2025_2075_rep1000.rds,C:/Users/oderin/Documents/drive/000000_tezim/0000_tezim/r_project_tez/outputs/ssp245/simulation/ctmc_spark_monthly_2025_2075_rep1000.rds,172750,8a6d9ba36e17b99a1c395c8f4092aff074a2864dbd4ed765f66b1bbf0de538f9,2026-08-15 00:53:18 +03
ssp245/simulation/ctmc_spark_yearly_2025_2075_rep1000.csv,C:/Users/oderin/Documents/drive/000000_tezim/0000_tezim/r_project_tez/outputs/ssp245/simulation/ctmc_spark_yearly_2025_2075_rep1000.csv,86857,e37468b3fc1b90fff99aa1e7dfd55d4282f11e13e73592435e7678d140d1fdc9,2026-08-15 00:08:41 +03
ssp245/simulation/ctmc_spark_yearly_2025_2075_rep1000.rds,C:/Users/oderin/Documents/drive/000000_tezim/0000_tezim/r_project_tez/outputs/ssp245/simulation/ctmc_spark_yearly_2025_2075_rep1000.rds,24032,e13048d7457b6b782ff3e0fc4a0801ac9c23a88c504cc34d9eb0a7591889a348,2026-08-15 00:53:18 +03
ssp245/tables/tbl_country_contrib.csv,C:/Users/oderin/Documents/drive/000000_tezim/0000_tezim/r_project_tez/outputs/ssp245/tables/tbl_country_contrib.csv,2136,7678052debdfb09da3c2565ef727e033378581442abb062733c93af4c2c67948,2026-08-15 17:34:47 +03
ssp245/tables/tbl_csi_monthly.csv,C:/Users/oderin/Documents/drive/000000_tezim/0000_tezim/r_project_tez/outputs/ssp245/tables/tbl_csi_monthly.csv,2399,4f0c096a060477933574bb14ba1f55bc4c4e6eac631a1194e9c9338d2e3d6468,2026-08-15 17:34:47 +03
ssp245/tables/tbl_csi_monthly_SSP1-2.6_tr.csv,C:/Users/oderin/Documents/drive/000000_tezim/0000_tezim/r_project_tez/outputs/ssp245/tables/tbl_csi_monthly_SSP1-2.6_tr.csv,2422,01d35f89f3f841c0762184669a0bb3197effa40a2af0d58ccac883aec59e43f8,2026-08-15 17:34:47 +03
ssp245/tables/tbl_csi_monthly_SSP2-4.5_tr.csv,C:/Users/oderin/Documents/drive/000000_tezim/0000_tezim/r_project_tez/outputs/ssp245/tables/tbl_csi_monthly_SSP2-4.5_tr.csv,2399,4f0c096a060477933574bb14ba1f55bc4c4e6eac631a1194e9c9338d2e3d6468,2026-08-15 17:34:47 +03
ssp245/tables/tbl_csi_monthly_SSP5-8.5_tr.csv,C:/Users/oderin/Documents/drive/000000_tezim/0000_tezim/r_project_tez/outputs/ssp245/tables/tbl_csi_monthly_SSP5-8.5_tr.csv,2400,dcc171f115f668eef999bec83f625e0535dac21aebbe4d67b3ca9c4edda6fa46,2026-08-15 17:34:47 +03
ssp245/tables/tbl_decade.csv,C:/Users/oderin/Documents/drive/000000_tezim/0000_tezim/r_project_tez/outputs/ssp245/tables/tbl_decade.csv,783,1e9ec05cce699b9b65affa6109be24b3196991a96d5fa14fcff1dd5fb76ec255,2026-08-15 17:34:47 +03
ssp245/tables/tbl_eip_sdlog_district_month.csv,C:/Users/oderin/Documents/drive/000000_tezim/0000_tezim/r_project_tez/outputs/ssp245/tables/tbl_eip_sdlog_district_month.csv,1924,dae006f936a70af37e78b0cac9d487410a623d7d3294c6ddc1187fae7e2645c8,2026-08-15 17:34:47 +03
ssp245/tables/tbl_horizon.csv,C:/Users/oderin/Documents/drive/000000_tezim/0000_tezim/r_project_tez/outputs/ssp245/tables/tbl_horizon.csv,276,2e68bcde8045caa90f7554323b714ee0d55739388262a4f44a5f6e9c4cc4f322,2026-08-15 17:34:47 +03
ssp245/tables/tbl_import_summary.csv,C:/Users/oderin/Documents/drive/000000_tezim/0000_tezim/r_project_tez/outputs/ssp245/tables/tbl_import_summary.csv,296,29f6612441a41755fd75232dea358bd5a5b1ca4348d0d216647f1db5651b3d18,2026-08-15 17:34:47 +03
ssp245/tables/tbl_moran.csv,C:/Users/oderin/Documents/drive/000000_tezim/0000_tezim/r_project_tez/outputs/ssp245/tables/tbl_moran.csv,197,80b577170f98dbb8eb09380fa8eba235693b5164bd97f9e2810e4ae5bcf4d98d,2026-08-15 17:34:47 +03
ssp245/tables/tbl_param_ranges.csv,C:/Users/oderin/Documents/drive/000000_tezim/0000_tezim/r_project_tez/outputs/ssp245/tables/tbl_param_ranges.csv,221,194e84411bf6d69e800773f9095713ac8d8facb736698655f1e472156e04622b,2026-08-15 17:34:47 +03
ssp245/tables/tbl_prcc.csv,C:/Users/oderin/Documents/drive/000000_tezim/0000_tezim/r_project_tez/outputs/ssp245/tables/tbl_prcc.csv,457,533bb42967f528e54bb1e8b83ad08b26530f162e264fb5c05a2f4ef92ce5206e,2026-08-15 17:34:47 +03
ssp245/tables/tbl_prcc_param_ranges.csv,C:/Users/oderin/Documents/drive/000000_tezim/0000_tezim/r_project_tez/outputs/ssp245/tables/tbl_prcc_param_ranges.csv,271,d74ad2b5a04978bcb96cb426e90da25e92b02bf5a9005efc93cd01415e489ccf,2026-08-15 17:34:47 +03
ssp245/tables/tbl_season.csv,C:/Users/oderin/Documents/drive/000000_tezim/0000_tezim/r_project_tez/outputs/ssp245/tables/tbl_season.csv,169,fecab42cf501d269fb26e9f8ac85ea39aa5d087c7b918afe4c1ebef55444f263,2026-08-15 17:34:47 +03
ssp245/tables/tbl_sens_importation.csv,C:/Users/oderin/Documents/drive/000000_tezim/0000_tezim/r_project_tez/outputs/ssp245/tables/tbl_sens_importation.csv,1193,d36ef3d9e431272f382d53a44c1b562cfcb5e1b14e00ee7f615eef107d3f1eed,2026-08-15 17:34:47 +03
ssp245/tables/tbl_validation.csv,C:/Users/oderin/Documents/drive/000000_tezim/0000_tezim/r_project_tez/outputs/ssp245/tables/tbl_validation.csv,123,5a794f9306a552601291123d1a306af57e5bd29e22257f32997ee172bf7dad75,2026-08-15 17:34:47 +03
ssp245/validation/validation_jensen_detail.csv,C:/Users/oderin/Documents/drive/000000_tezim/0000_tezim/r_project_tez/outputs/ssp245/validation/validation_jensen_detail.csv,157428,b6f11490591ad900a7039e82afd63a9355e7c3a47ec5ed058abccc299d5f0f0f,2026-08-15 00:53:18 +03
ssp245/validation/validation_stage1_summary.csv,C:/Users/oderin/Documents/drive/000000_tezim/0000_tezim/r_project_tez/outputs/ssp245/validation/validation_stage1_summary.csv,138,e8b1319088e48f02a2fbd1c96b3e5424dfdb6a1b31f18899a0ad90d78f095f3a,2026-08-15 17:34:47 +03
ssp245/validation/validation_stage2_jensen.csv,C:/Users/oderin/Documents/drive/000000_tezim/0000_tezim/r_project_tez/outputs/ssp245/validation/validation_stage2_jensen.csv,236,7cd7e22bd2e596ae76c2ff57593d78e65d37c7433ca3ac5dfd1bf20890bfa0e6,2026-08-15 17:34:47 +03
ssp245/validation/validation_two_stage_full.rds,C:/Users/oderin/Documents/drive/000000_tezim/0000_tezim/r_project_tez/outputs/ssp245/validation/validation_two_stage_full.rds,167450,2567b03575e864e86185421e90354ac5d8edb0b00e8bc7303aaca196da235be6,2026-08-15 00:53:18 +03
ssp585/analytic/ctmc_spark_horizon_2025_2075.csv,C:/Users/oderin/Documents/drive/000000_tezim/0000_tezim/r_project_tez/outputs/ssp585/model_results/ctmc_spark_horizon_2025_2075.csv,907,c5edc8a7a8cc411e32310c6e512ff7f3bbdd14faa74db13470ed2c6867550893,2026-08-15 00:08:41 +03
ssp585/analytic/ctmc_spark_horizon_2025_2075.rds,C:/Users/oderin/Documents/drive/000000_tezim/0000_tezim/r_project_tez/outputs/ssp585/model_results/ctmc_spark_horizon_2025_2075.rds,539,9729cb0c1fde0a6e2cab310fca6fc870e1d770232978ded9292bb2335b1ddc30,2026-08-15 00:53:18 +03
ssp585/analytic/ctmc_spark_monthly_2025_2075.csv,C:/Users/oderin/Documents/drive/000000_tezim/0000_tezim/r_project_tez/outputs/ssp585/model_results/ctmc_spark_monthly_2025_2075.csv,571998,3bf7eee6b400e22be52837863a7aeb88228ea87c707026d7f48608c9b1b3c3a0,2026-08-15 00:08:41 +03
ssp585/analytic/ctmc_spark_monthly_2025_2075.rds,C:/Users/oderin/Documents/drive/000000_tezim/0000_tezim/r_project_tez/outputs/ssp585/model_results/ctmc_spark_monthly_2025_2075.rds,113775,24ce46f5c9b9cd9f8b03e2a1b362d22998d40a91056825e8709a4520bbc91202,2026-08-15 00:53:18 +03
ssp585/analytic/ctmc_spark_yearly_2025_2075.csv,C:/Users/oderin/Documents/drive/000000_tezim/0000_tezim/r_project_tez/outputs/ssp585/model_results/ctmc_spark_yearly_2025_2075.csv,48342,6af06b1e1a1f486a6b1588bb2e65c7566048a198872784a9ae648159b04eb9a2,2026-08-15 00:08:41 +03
ssp585/analytic/ctmc_spark_yearly_2025_2075.rds,C:/Users/oderin/Documents/drive/000000_tezim/0000_tezim/r_project_tez/outputs/ssp585/model_results/ctmc_spark_yearly_2025_2075.rds,12556,8ba446c1c8c06145b8ce9d0d51e851b0487d5ee1220fa4b98b3543f21a588308,2026-08-15 00:53:18 +03
ssp585/diagnostics/mc_validation/fig_abs_diff_histogram.png,C:/Users/oderin/Documents/drive/000000_tezim/0000_tezim/r_project_tez/outputs/ssp585/diagnostics/mc_validation/fig_abs_diff_histogram.png,21779,40a574c2c38461ace28a3b9bea40f782c84449958779fe7c1cfaafd109d3582c,2026-08-15 00:53:18 +03
ssp585/diagnostics/mc_validation/fig_mc_vs_analytic.png,C:/Users/oderin/Documents/drive/000000_tezim/0000_tezim/r_project_tez/outputs/ssp585/diagnostics/mc_validation/fig_mc_vs_analytic.png,95092,d7c37f77462644de5055efe915553c7d105224aefb555033a9de9b622423598f,2026-08-15 00:53:18 +03
ssp585/diagnostics/mc_validation/mc_validation_results.csv,C:/Users/oderin/Documents/drive/000000_tezim/0000_tezim/r_project_tez/outputs/ssp585/diagnostics/mc_validation/mc_validation_results.csv,406548,2d424e929e58e1b776788796c2eee1838643e90264b550e953a73b0180e1a5c0,2026-08-15 00:53:18 +03
ssp585/diagnostics/mc_validation/mc_validation_summary.csv,C:/Users/oderin/Documents/drive/000000_tezim/0000_tezim/r_project_tez/outputs/ssp585/diagnostics/mc_validation/mc_validation_summary.csv,829,c0d41e3e66d0267dabc35337d9ff384c3d54f90171357062f6a38cf659a97751,2026-08-15 17:34:47 +03
ssp585/figures/fig_country_contrib.png,C:/Users/oderin/Documents/drive/000000_tezim/0000_tezim/r_project_tez/outputs/ssp585/figures/fig_country_contrib.png,128275,569c5538a2c88c948a37c1bc6778bc83f5f2f60a4d6aed8570ae7426450f601c,2026-08-15 17:34:47 +03
ssp585/figures/fig_csi_heat.png,C:/Users/oderin/Documents/drive/000000_tezim/0000_tezim/r_project_tez/outputs/ssp585/figures/fig_csi_heat.png,191655,75dff0781a5dad8bdfd54ad47ee7d48de2eecda6822756e45b6e7e4b0184b3e4,2026-08-15 17:34:47 +03
ssp585/figures/fig_csi_trend.png,C:/Users/oderin/Documents/drive/000000_tezim/0000_tezim/r_project_tez/outputs/ssp585/figures/fig_csi_trend.png,178929,c0d73852d42b30c6a7c12ab64f827472a9a2e2decbc0b10ab4d3e053aa94c6b2,2026-08-15 17:34:47 +03
ssp585/figures/fig_decade.png,C:/Users/oderin/Documents/drive/000000_tezim/0000_tezim/r_project_tez/outputs/ssp585/figures/fig_decade.png,180734,9396c3a10e3135f87efdccfa3f74c7ccca70e0c0a25a97b42356e5cfe0dec5f5,2026-08-15 17:34:47 +03
ssp585/figures/fig_heatmap_lambda.png,C:/Users/oderin/Documents/drive/000000_tezim/0000_tezim/r_project_tez/outputs/ssp585/figures/fig_heatmap_lambda.png,131855,71fc52f0962116a7b1d1b682bdce5d66c91af62c8a8f1f443dd0f9d9f696cfbb,2026-08-15 17:34:47 +03
ssp585/figures/fig_import_heatmap.png,C:/Users/oderin/Documents/drive/000000_tezim/0000_tezim/r_project_tez/outputs/ssp585/figures/fig_import_heatmap.png,88503,72260fc73203221ee16d551cc38c4ee2c3f12c2cd1d3762c008ee30853c7f404,2026-08-15 17:34:47 +03
ssp585/figures/fig_import_trend.png,C:/Users/oderin/Documents/drive/000000_tezim/0000_tezim/r_project_tez/outputs/ssp585/figures/fig_import_trend.png,144789,81f1a2716ddf744f759106f93dd8991333aae87e8c4564b350b84d15747c7ba3,2026-08-15 17:34:47 +03
ssp585/figures/fig_moran.png,C:/Users/oderin/Documents/drive/000000_tezim/0000_tezim/r_project_tez/outputs/ssp585/figures/fig_moran.png,117477,3d37455ddf5655f4e3a19614275c653eef118238e4781261b77bac8452f9beca,2026-08-15 17:34:47 +03
ssp585/figures/fig_pest_season.png,C:/Users/oderin/Documents/drive/000000_tezim/0000_tezim/r_project_tez/outputs/ssp585/figures/fig_pest_season.png,183922,c4c49a26a93a87c6558be0831f16ecd03743dab0bd087b7c2633f880aa976ef6,2026-08-15 17:34:47 +03
ssp585/figures/fig_prcc.png,C:/Users/oderin/Documents/drive/000000_tezim/0000_tezim/r_project_tez/outputs/ssp585/figures/fig_prcc.png,60470,7c545b149fbeccce2bd4a83cf34ed68c208d92d0a72488d142d6d5a7e7cd727d,2026-08-15 17:34:47 +03
ssp585/figures/fig_season.png,C:/Users/oderin/Documents/drive/000000_tezim/0000_tezim/r_project_tez/outputs/ssp585/figures/fig_season.png,169334,7b1af1c4e68b9ba0f9637cf1a2f0203eee481e001d338ee7bd9c2d1b82df7cb3,2026-08-15 17:34:47 +03
ssp585/figures/fig_temp_rh.png,C:/Users/oderin/Documents/drive/000000_tezim/0000_tezim/r_project_tez/outputs/ssp585/figures/fig_temp_rh.png,361046,12bbf004623fe9af577b8d42e946f4270b3dbca3b6c57661ef63f7a1f676c5c0,2026-08-15 17:34:47 +03
ssp585/figures/fig_tornado.png,C:/Users/oderin/Documents/drive/000000_tezim/0000_tezim/r_project_tez/outputs/ssp585/figures/fig_tornado.png,131544,01c57c41a5b9b4f18550a526878193c96528aaffad0f76fad153001a5dbfeb65,2026-08-15 17:34:47 +03
ssp585/figures/fig_validation.png,C:/Users/oderin/Documents/drive/000000_tezim/0000_tezim/r_project_tez/outputs/ssp585/figures/fig_validation.png,82988,53638f50187588227aabd8a33acec9c58ac156750f02b555e599870d50688106,2026-08-15 17:34:47 +03
ssp585/figures/fig_yearly_risk.png,C:/Users/oderin/Documents/drive/000000_tezim/0000_tezim/r_project_tez/outputs/ssp585/figures/fig_yearly_risk.png,350457,c5a970026b64937c7faf7fa594e0c4a8574b1298a26051be19b7f8fe4cd76ff2,2026-08-15 17:34:47 +03
ssp585/figures/fig_yearly_risk_en.png,C:/Users/oderin/Documents/drive/000000_tezim/0000_tezim/r_project_tez/outputs/ssp585/figures/fig_yearly_risk_en.png,354686,491064f15b751739f6ae8be7d1afa5c6142fda88c4ac7820fe73e0b58637fcbb,2026-08-15 17:34:47 +03
ssp585/importation/eta_base/importation_pressure_monthly_2025_2075.csv,C:/Users/oderin/Documents/drive/000000_tezim/0000_tezim/r_project_tez/outputs/ssp585/sensitivity/importation/eta_base/importation_pressure_monthly_2025_2075.csv,2881384,bed2caa26a03221b09fa782e5165e7253c094340a2449d1f6dc31b03c515d636,2026-08-15 00:08:41 +03
ssp585/importation/eta_high/importation_pressure_monthly_2025_2075.csv,C:/Users/oderin/Documents/drive/000000_tezim/0000_tezim/r_project_tez/outputs/ssp585/sensitivity/importation/eta_high/importation_pressure_monthly_2025_2075.csv,2906198,b8508c7d2626df7d9c38e01d9c47ad8f0a11b00489d662590c98c9a55aa2d7d4,2026-08-15 00:08:41 +03
ssp585/importation/eta_low/importation_pressure_monthly_2025_2075.csv,C:/Users/oderin/Documents/drive/000000_tezim/0000_tezim/r_project_tez/outputs/ssp585/sensitivity/importation/eta_low/importation_pressure_monthly_2025_2075.csv,2903013,74fcb26f444e9fd6f5a1a1aa4a23001d782c344bd7194fb4e8e16c21793208b2,2026-08-15 00:08:41 +03
ssp585/importation/k010/importation_pressure_monthly_2025_2075.csv,C:/Users/oderin/Documents/drive/000000_tezim/0000_tezim/r_project_tez/outputs/ssp585/sensitivity/importation/k010/importation_pressure_monthly_2025_2075.rds (rds -> csv),2816215,e6bb4d370198f102bd73f5a01bcdd09c74d3263ccaf05806d5c4390542f22cd6,2026-08-15 00:13:27 +03
ssp585/importation/k013/importation_pressure_monthly_2025_2075.csv,C:/Users/oderin/Documents/drive/000000_tezim/0000_tezim/r_project_tez/outputs/ssp585/sensitivity/importation/k013/importation_pressure_monthly_2025_2075.rds (rds -> csv),2815842,a36ddb7c504bb3fdeb1cf1fab79e88c116688ec59403aff4188c15cd8efd6667,2026-08-15 00:13:29 +03
ssp585/importation/k020/importation_pressure_monthly_2025_2075.csv,C:/Users/oderin/Documents/drive/000000_tezim/0000_tezim/r_project_tez/outputs/ssp585/sensitivity/importation/k020/importation_pressure_monthly_2025_2075.rds (rds -> csv),2813451,e9b768dc940b4e0d8150cba804bb7129fede9a1eca26251281f276e942fd1b89,2026-08-15 00:13:31 +03
ssp585/importation/sensitivity_summary_ssp585.csv,C:/Users/oderin/Documents/drive/000000_tezim/0000_tezim/r_project_tez/outputs/ssp585/sensitivity/importation/sensitivity_summary_ssp585.csv,1056,8f5c25577cf3b25f15d5974ffb073312b55ea17fed81b0d7862fffee0aee7c1c,2026-08-15 01:00:43 +03
ssp585/oat/base/ctmc_spark_horizon_2025_2075_rep1000.csv,C:/Users/oderin/Documents/drive/000000_tezim/0000_tezim/r_project_tez/outputs/ssp585/sensitivity/ctmc_mc/base/ctmc_spark_horizon_2025_2075_rep1000.csv,1808,743478e72394425627b517759decd66fb428df463d7abd47f3dea4cbaf2e978c,2026-08-15 00:08:41 +03
ssp585/oat/beta_minus_20/ctmc_spark_horizon_2025_2075_rep1000.csv,C:/Users/oderin/Documents/drive/000000_tezim/0000_tezim/r_project_tez/outputs/ssp585/sensitivity/ctmc_mc/beta_minus_20/ctmc_spark_horizon_2025_2075_rep1000.csv,1816,e2392a2dd71e9fa1867f0e91296693896389c9c8af39d23ecfea4f3f43541ee3,2026-08-15 00:08:41 +03
ssp585/oat/beta_plus_20/ctmc_spark_horizon_2025_2075_rep1000.csv,C:/Users/oderin/Documents/drive/000000_tezim/0000_tezim/r_project_tez/outputs/ssp585/sensitivity/ctmc_mc/beta_plus_20/ctmc_spark_horizon_2025_2075_rep1000.csv,1800,7183b8f9b45637de20685cacc3edc1543844d0f85fe9c3dac249c7f8268ee0e7,2026-08-15 00:08:41 +03
ssp585/oat/ip_minus_20/ctmc_spark_horizon_2025_2075_rep1000.csv,C:/Users/oderin/Documents/drive/000000_tezim/0000_tezim/r_project_tez/outputs/ssp585/sensitivity/ctmc_mc/ip_minus_20/ctmc_spark_horizon_2025_2075_rep1000.csv,1820,49e19fee0bdbbeae185ba457a06129557530aa52537a45a0802967b7ad38b302,2026-08-15 00:08:41 +03
ssp585/oat/ip_plus_20/ctmc_spark_horizon_2025_2075_rep1000.csv,C:/Users/oderin/Documents/drive/000000_tezim/0000_tezim/r_project_tez/outputs/ssp585/sensitivity/ctmc_mc/ip_plus_20/ctmc_spark_horizon_2025_2075_rep1000.csv,1795,291805ad35031f1a66cc9a05ebda1f6be8488099c82b68a9ca6b54055ea5cc25,2026-08-15 00:08:41 +03
ssp585/oat/m_050/ctmc_spark_horizon_2025_2075_rep1000.csv,C:/Users/oderin/Documents/drive/000000_tezim/0000_tezim/r_project_tez/outputs/ssp585/sensitivity/ctmc_mc/m_050/ctmc_spark_horizon_2025_2075_rep1000.csv,1711,da5feb38f662af1526e47cd94e3c51b2bdb4c4efd954a545114cb8c515cc3488,2026-08-15 00:08:41 +03
ssp585/oat/m_080/ctmc_spark_horizon_2025_2075_rep1000.csv,C:/Users/oderin/Documents/drive/000000_tezim/0000_tezim/r_project_tez/outputs/ssp585/sensitivity/ctmc_mc/m_080/ctmc_spark_horizon_2025_2075_rep1000.csv,1821,57580c118970a4b1ea48950fdcf6593b55c1c2281c15ed840db2c81eb7eb4251,2026-08-15 00:08:41 +03
ssp585/oat/m_120/ctmc_spark_horizon_2025_2075_rep1000.csv,C:/Users/oderin/Documents/drive/000000_tezim/0000_tezim/r_project_tez/outputs/ssp585/sensitivity/ctmc_mc/m_120/ctmc_spark_horizon_2025_2075_rep1000.csv,1793,72235d8c460db4d5876aa01ded4d3ced5142c080d11742036bebb93b05f10d44,2026-08-15 00:08:41 +03
ssp585/oat/m_200/ctmc_spark_horizon_2025_2075_rep1000.csv,C:/Users/oderin/Documents/drive/000000_tezim/0000_tezim/r_project_tez/outputs/ssp585/sensitivity/ctmc_mc/m_200/ctmc_spark_horizon_2025_2075_rep1000.csv,1720,fa29cbd9ea5f1651704eb28d997be6c974e41946da9fed375069dbfb20db60cd,2026-08-15 00:08:41 +03
ssp585/oat/sensitivity_params.csv,C:/Users/oderin/Documents/drive/000000_tezim/0000_tezim/r_project_tez/outputs/ssp585/sensitivity/ctmc_mc/sensitivity_params.csv,289,de61e4a8ff500a0b5666fe271777a973a1cd642e0cfd88c73e817652370c302b,2026-08-15 00:08:41 +03
ssp585/oat/sensitivity_summary.csv,C:/Users/oderin/Documents/drive/000000_tezim/0000_tezim/r_project_tez/outputs/ssp585/sensitivity/ctmc_mc/sensitivity_summary.csv,19626,d7a01fcb76c0f7d624b731d3a4e99214ffd4c0165afcfa4cf2c3a3f1b8240bb5,2026-08-15 00:08:41 +03
ssp585/oat/sensitivity_tornado.csv,C:/Users/oderin/Documents/drive/000000_tezim/0000_tezim/r_project_tez/outputs/ssp585/sensitivity/ctmc_mc/sensitivity_tornado.csv,750,2166ce8dc2a67e1c797c3be19afd9b8fe6bc163470d2c8ebdad9a38915e3873e,2026-08-15 00:08:41 +03
ssp585/oat/tbl_oat_delta_pp.csv,C:/Users/oderin/Documents/drive/000000_tezim/0000_tezim/r_project_tez/outputs/_canonical/ssp585/oat/tbl_oat_delta_pp.csv,961,8a3b50877b294d389f5dde725dd5730ad1123a9d03ef736d03d13f2ccfd4b5d2,2026-08-15 17:34:47 +03
ssp585/oat/tbl_oat_pufuk.csv,C:/Users/oderin/Documents/drive/000000_tezim/0000_tezim/r_project_tez/outputs/_canonical/ssp585/oat/tbl_oat_pufuk.csv,1055,7ff38f537a4584da89e3a7d716b2cc40f4d9c0dbf6dd308624f67f688baafb74,2026-08-15 17:34:47 +03
ssp585/rainfall_CSI/CSI_comparison_3vs4.csv,C:/Users/oderin/Documents/drive/000000_tezim/0000_tezim/r_project_tez/outputs/ssp585/rainfall_CSI/CSI_comparison_3vs4.csv,6138,ce0efc7e10fb1275de58cf0bea3b512be71db09df4b660ed63104fdc798babef,2026-08-15 00:53:18 +03
ssp585/rainfall_CSI/CSI_with_rainfall.csv,C:/Users/oderin/Documents/drive/000000_tezim/0000_tezim/r_project_tez/outputs/ssp585/rainfall_CSI/CSI_with_rainfall.csv,702861,021c83165e043572719904d62b3ebe88b8d834c8a6d50e4d143134d0593397fd,2026-08-15 00:53:18 +03
ssp585/rainfall_CSI/CSI_with_rainfall.rds,C:/Users/oderin/Documents/drive/000000_tezim/0000_tezim/r_project_tez/outputs/ssp585/rainfall_CSI/CSI_with_rainfall.rds,226019,d22473afd1bc242c87d55d0da3e0730bff7412118a514b6f0872769ea95ee601,2026-08-15 00:53:18 +03
ssp585/rainfall_CSI/m_seasonal_modulation.csv,C:/Users/oderin/Documents/drive/000000_tezim/0000_tezim/r_project_tez/outputs/ssp585/rainfall_CSI/m_seasonal_modulation.csv,3142,8f82324b32a079dab7a1654995d8ca058480d5e87f12dedf59ed444464e4fe6d,2026-08-15 00:53:18 +03
ssp585/rainfall_CSI/precipitation_monthly_summary.csv,C:/Users/oderin/Documents/drive/000000_tezim/0000_tezim/r_project_tez/outputs/ssp585/rainfall_CSI/precipitation_monthly_summary.csv,3038,985dc5056df7474902fb09b9fc62ce987c9312892393633a2ba8bb4f4b8c4919,2026-08-15 00:53:18 +03
ssp585/simulation/ctmc_spark_horizon_2025_2075_rep1000.csv,C:/Users/oderin/Documents/drive/000000_tezim/0000_tezim/r_project_tez/outputs/ssp585/simulation/ctmc_spark_horizon_2025_2075_rep1000.csv,1808,743478e72394425627b517759decd66fb428df463d7abd47f3dea4cbaf2e978c,2026-08-15 00:08:41 +03
ssp585/simulation/ctmc_spark_horizon_2025_2075_rep1000.rds,C:/Users/oderin/Documents/drive/000000_tezim/0000_tezim/r_project_tez/outputs/ssp585/simulation/ctmc_spark_horizon_2025_2075_rep1000.rds,826,6ac649a2f10f78fdd6982eb9bbfe3f7eb8c8ff1b34edf25e934fd8d0e65719d3,2026-08-15 00:53:18 +03
ssp585/simulation/ctmc_spark_monthly_2025_2075_rep1000.csv,C:/Users/oderin/Documents/drive/000000_tezim/0000_tezim/r_project_tez/outputs/ssp585/simulation/ctmc_spark_monthly_2025_2075_rep1000.csv,658701,3fc76f4fad362b70e71c01e97d5ec51c1d1a7a1c47a5ae00dd839462661d699e,2026-08-15 00:08:41 +03
ssp585/simulation/ctmc_spark_monthly_2025_2075_rep1000.rds,C:/Users/oderin/Documents/drive/000000_tezim/0000_tezim/r_project_tez/outputs/ssp585/simulation/ctmc_spark_monthly_2025_2075_rep1000.rds,178856,d89e2f238844bc7dbee8c18432b998d71e0ac6ff3a681d7862471b1d73dff7b9,2026-08-15 00:53:18 +03
ssp585/simulation/ctmc_spark_yearly_2025_2075_rep1000.csv,C:/Users/oderin/Documents/drive/000000_tezim/0000_tezim/r_project_tez/outputs/ssp585/simulation/ctmc_spark_yearly_2025_2075_rep1000.csv,86529,8e2e2360ef78cea2296f0806807dd2ca3cb70edd4b3032d752a576f88da079e6,2026-08-15 00:08:41 +03
ssp585/simulation/ctmc_spark_yearly_2025_2075_rep1000.rds,C:/Users/oderin/Documents/drive/000000_tezim/0000_tezim/r_project_tez/outputs/ssp585/simulation/ctmc_spark_yearly_2025_2075_rep1000.rds,24217,b93e5dfc7b295a2b60102eaa53db8a66a3d4b5440402d7d5056e678b8153c9f6,2026-08-15 00:53:18 +03
ssp585/tables/tbl_country_contrib.csv,C:/Users/oderin/Documents/drive/000000_tezim/0000_tezim/r_project_tez/outputs/ssp585/tables/tbl_country_contrib.csv,2136,4b3d0454b020f6af9530a23bcc5ac9d1ab6e01e3ee3f3e6159fe7ab33e8e9ee0,2026-08-15 17:34:47 +03
ssp585/tables/tbl_csi_monthly.csv,C:/Users/oderin/Documents/drive/000000_tezim/0000_tezim/r_project_tez/outputs/ssp585/tables/tbl_csi_monthly.csv,2390,c54585275ad86e31a7ead4ddde6624c63809a866056ad2fbb890b35739033ea4,2026-08-15 17:34:47 +03
ssp585/tables/tbl_decade.csv,C:/Users/oderin/Documents/drive/000000_tezim/0000_tezim/r_project_tez/outputs/ssp585/tables/tbl_decade.csv,775,55c8c7b1fe3d0ddeeeaecb28bf4ba60273bcf3176d1236f618e492ea4e4103b7,2026-08-15 17:34:47 +03
ssp585/tables/tbl_horizon.csv,C:/Users/oderin/Documents/drive/000000_tezim/0000_tezim/r_project_tez/outputs/ssp585/tables/tbl_horizon.csv,276,80145dd55d64c233f740a22f2327b4d27de1abaf011a9a89289d27d1212d8e12,2026-08-15 17:34:47 +03
ssp585/tables/tbl_import_summary.csv,C:/Users/oderin/Documents/drive/000000_tezim/0000_tezim/r_project_tez/outputs/ssp585/tables/tbl_import_summary.csv,296,8954965f820b716fb726d05bf526d8736037973f27899aaf8ef725aaaa5a3ad4,2026-08-15 17:34:47 +03
ssp585/tables/tbl_moran.csv,C:/Users/oderin/Documents/drive/000000_tezim/0000_tezim/r_project_tez/outputs/ssp585/tables/tbl_moran.csv,198,26ee80cc4907b7b2f6928fb6b95d5e790765d1b8c6544bafaf33e73ab8be3aa0,2026-08-15 17:34:47 +03
ssp585/tables/tbl_param_ranges.csv,C:/Users/oderin/Documents/drive/000000_tezim/0000_tezim/r_project_tez/outputs/ssp585/tables/tbl_param_ranges.csv,223,87905f63b559693b6fa970dad1c68f8453998231c1e1fc072200f9bd203b2220,2026-08-15 17:34:47 +03
ssp585/tables/tbl_prcc.csv,C:/Users/oderin/Documents/drive/000000_tezim/0000_tezim/r_project_tez/outputs/ssp585/tables/tbl_prcc.csv,454,3e8fd39d6bf6bac7acf34080a7db4480a9c1ca964a61ec73bb93b48e567e5dc6,2026-08-15 17:34:47 +03
ssp585/tables/tbl_prcc_param_ranges.csv,C:/Users/oderin/Documents/drive/000000_tezim/0000_tezim/r_project_tez/outputs/ssp585/tables/tbl_prcc_param_ranges.csv,273,585fec53b7ed3b310b9935c1630faa3c75e44f72c828160d7394ab15dd13426a,2026-08-15 17:34:47 +03
ssp585/tables/tbl_season.csv,C:/Users/oderin/Documents/drive/000000_tezim/0000_tezim/r_project_tez/outputs/ssp585/tables/tbl_season.csv,167,2c7bb257551948d016d376a34c8394e3dffd1a6df69f3fa830ce938f7725ca3f,2026-08-15 17:34:47 +03
ssp585/tables/tbl_sens_importation.csv,C:/Users/oderin/Documents/drive/000000_tezim/0000_tezim/r_project_tez/outputs/ssp585/tables/tbl_sens_importation.csv,1184,e4c54925b0c0de5bc1d1f8cc15e22267501ceca7caa1c170663bcf2d216e6920,2026-08-15 17:34:47 +03
ssp585/tables/tbl_validation.csv,C:/Users/oderin/Documents/drive/000000_tezim/0000_tezim/r_project_tez/outputs/ssp585/tables/tbl_validation.csv,123,b0a32d9f401f0e4f17b35495cda278673c3632cd84981790f1cd3bd2d3d5f54a,2026-08-15 17:34:47 +03
ssp585/validation/validation_jensen_detail.csv,C:/Users/oderin/Documents/drive/000000_tezim/0000_tezim/r_project_tez/outputs/ssp585/validation/validation_jensen_detail.csv,170236,70a0a67e80adca287f0ac43b7b47cfa96033a2923fa3dac5fa9227049285f53f,2026-08-15 00:53:18 +03
ssp585/validation/validation_stage1_summary.csv,C:/Users/oderin/Documents/drive/000000_tezim/0000_tezim/r_project_tez/outputs/ssp585/validation/validation_stage1_summary.csv,136,9f4a0e460b2a5dee519cc9ede7e0a933d5a2d99630bb176ae803a3b3abe4fcd9,2026-08-15 17:34:47 +03
ssp585/validation/validation_stage2_jensen.csv,C:/Users/oderin/Documents/drive/000000_tezim/0000_tezim/r_project_tez/outputs/ssp585/validation/validation_stage2_jensen.csv,236,48025f40727342cf0c7e631a07108b5f69c95345637e22ddf9b124fed98db275,2026-08-15 17:34:47 +03
ssp585/validation/validation_two_stage_full.rds,C:/Users/oderin/Documents/drive/000000_tezim/0000_tezim/r_project_tez/outputs/ssp585/validation/validation_two_stage_full.rds,170514,714731922f16bfdfc81af3f4d099afa282759fcc7eaaac81fff82f68b77934d5,2026-08-15 00:53:18 +03
tables/cross_ssp_topt.csv,C:/Users/oderin/Documents/drive/000000_tezim/0000_tezim/r_project_tez/outputs/tables/cross_ssp_topt.csv,179,60758e6c79b1ff68f73ac66e771f102a357f5f92df00e46bc8985ab2b8bad617,2026-08-15 17:34:47 +03
tables/lmm_fit_metrics.csv,C:/Users/oderin/Documents/drive/000000_tezim/0000_tezim/r_project_tez/outputs/tables/lmm_fit_metrics.csv,275,37eaec50664e715e74650e775e6fd7a72ef1eb0b71040f794e799ad2970acdff,2026-08-15 17:34:47 +03
tables/lmm_fixed_effects.csv,C:/Users/oderin/Documents/drive/000000_tezim/0000_tezim/r_project_tez/outputs/tables/lmm_fixed_effects.csv,569,5be5dd00950df11ae681bc82a0dd7cef870d365d4bdd07a0d9bef5e9427f10e5,2026-08-15 17:34:47 +03
tables/lmm_r2_nakagawa.csv,C:/Users/oderin/Documents/drive/000000_tezim/0000_tezim/r_project_tez/outputs/tables/lmm_r2_nakagawa.csv,163,38115748a0e3358bbe5dc9facd8fb8d8ce01eedcfa127f8519108a0066638235,2026-08-15 17:34:47 +03
tables/lmm_ri_secondary.csv,C:/Users/oderin/Documents/drive/000000_tezim/0000_tezim/r_project_tez/outputs/tables/lmm_ri_secondary.csv,159,6bee1d1b34c20660cf2e9e062be3cfe47a03070d325045210df85f255258fcd9,2026-08-15 17:34:47 +03
tables/ols_active_diagnostic.csv,C:/Users/oderin/Documents/drive/000000_tezim/0000_tezim/r_project_tez/outputs/tables/ols_active_diagnostic.csv,342,a5eeed476dee2d56ca12287d06c2799f60b072ca674ef446f691c92c4521d3da,2026-08-15 17:34:47 +03
tables/ols_coefficients.csv,C:/Users/oderin/Documents/drive/000000_tezim/0000_tezim/r_project_tez/outputs/tables/ols_coefficients.csv,417,96785f68f0732a748727de42ec710051b970d0e06d3c1ee3e05ce63156585e8b,2026-08-15 17:34:47 +03
tables/ols_hierarchical.csv,C:/Users/oderin/Documents/drive/000000_tezim/0000_tezim/r_project_tez/outputs/tables/ols_hierarchical.csv,178,ac01888c0b5066d234341bd2a2e8595068ef07100fbb9ad68d167350921bbf4f,2026-08-15 17:34:47 +03
tables/ols_lmm_comparison.csv,C:/Users/oderin/Documents/drive/000000_tezim/0000_tezim/r_project_tez/outputs/tables/ols_lmm_comparison.csv,441,597b33a66e69b02861d38d0c6409001aa05474a9f401bbfb41a3987d03393f25,2026-08-15 17:34:47 +03
tables/tbl_ek_a4_poisson_bernoulli.csv,C:/Users/oderin/Documents/drive/000000_tezim/0000_tezim/r_project_tez/outputs/tables/tbl_ek_a4_poisson_bernoulli.csv,2096,4bc0771c60e49c69724aecfa9c5f1c198484e52810d1a6270fc577da1e0e9629,2026-08-15 17:34:47 +03
tables/tbl_kvpd_canonical_check.csv,C:/Users/oderin/Documents/drive/000000_tezim/0000_tezim/r_project_tez/outputs/tables/tbl_kvpd_canonical_check.csv,1809,a7d16789b5acc77bbef5a5ee8ce0f487af5f386a4edb5683be0c39b486c9a69c,2026-08-15 17:34:47 +03
tables/tbl_kvpd_hierarchy.csv,C:/Users/oderin/Documents/drive/000000_tezim/0000_tezim/r_project_tez/outputs/tables/tbl_kvpd_hierarchy.csv,1984,9e93006f92cade6a8f0877ab28e1bf70da8c1362f2bb97c2f0299bd4f5505f0c,2026-08-15 17:34:47 +03
tables/tbl_kvpd_reference_check.csv,C:/Users/oderin/Documents/drive/000000_tezim/0000_tezim/r_project_tez/outputs/tables/tbl_kvpd_reference_check.csv,266,60b715389ae1a2d247fa290358980b18732fba1f0aa83e5ef2456cb4ee39ef9e,2026-08-15 17:34:47 +03
tables/tbl_kvpd_sensitivity.csv,C:/Users/oderin/Documents/drive/000000_tezim/0000_tezim/r_project_tez/outputs/tables/tbl_kvpd_sensitivity.csv,3226,a4622e979255990612f4d9da34b809a4c73d5b2cb6f14e1485808a2a4e4dad9f,2026-08-15 17:34:47 +03
tables/tbl_oat_all_ssp.csv,07_rebuild_oat_tables.R (turetilmis),1882,134ded384c2ba6fe28ac524fe7988ef4fd89730a042cff58bfef7fb25f44c9f4,2026-08-15 01:27:15 +03
tables/tbl_oat_tornado_pp.csv,07_rebuild_oat_tables.R (turetilmis),7665,95ea9c371ab4b4dbed3cecd6d27aa611d4f5458d5ccdb37e39219610f108cd79,2026-08-15 01:27:15 +03
tables/tobit_fe_coefficients.csv,C:/Users/oderin/Documents/drive/000000_tezim/0000_tezim/r_project_tez/outputs/tables/tobit_fe_coefficients.csv,188,6a7cba1d457c01586fc8de9177a5a36c2e5699104ff911a3ab43beb3f426ee39,2026-08-15 17:34:47 +03
tables/topt_comparison.csv,C:/Users/oderin/Documents/drive/000000_tezim/0000_tezim/r_project_tez/outputs/tables/topt_comparison.csv,687,1cf5a23fb1399d7943dc7463349124a8fc628eca85e40a68c4e72a461d853668,2026-08-15 17:34:47 +03
tables/topt_mechanistic.csv,C:/Users/oderin/Documents/drive/000000_tezim/0000_tezim/r_project_tez/outputs/tables/topt_mechanistic.csv,263,37951c8c9de49319b3bd28b396f23aa01c3c125e25c25bb0da822162e06e00af,2026-08-15 17:34:47 +03
