district_id,year,species,Lambda_import_year,mean_p_est_year,mean_p_local_major,p_ge1_major_year,mean_q_import_year,mean_p_month_major,mean_temp_c_year,mean_rh_year
TUR.10.4_1,2025,aegypti,0.018330974880161683,2.1560373303826839e-10,2.1560373303826839e-10,6.710521027741834e-12,1.5013878490477417e-4,5.592100856451528e-13,11.25774147442437,82.59211403038665
TUR.10.4_1,2026,aegypti,0.020861873926758666,1.3355853548960295e-8,1.3355853548960295e-8,3.770778134182251e-10,1.7086594509779784e-4,3.1423151118185423e-11,12.653347005130604,78.06356292870208
TUR.10.4_1,2027,aegypti,0.01986016308077982,1.3062167660930307e-10,1.3062167660930307e-10,4.3968162444230074e-12,1.6266234931059756e-4,3.664013537019173e-13,12.084069478824306,82.12509335981373
TUR.10.4_1,2028,aegypti,0.01889155900790684,1.615990489571099e-13,1.615990489571099e-13,5.218048215738236e-15,1.5451042071520926e-4,4.3483735131151963e-16,12.151536239499418,80.23289734032318
TUR.10.4_1,2029,aegypti,0.01781064126756222,2.1524181408727746e-4,2.1524181408727746e-4,6.509086537431763e-6,1.4587737748723387e-4,5.424238781193136e-7,11.571021723128426,82.09587913658783
TUR.10.4_1,2030,aegypti,0.02104119040211249,5.581109908808779e-9,5.581109908808779e-9,1.6884282860729627e-10,1.7233446444798553e-4,1.407023571727469e-11,12.018559153690505,82.68236404564544
TUR.10.4_1,2031,aegypti,0.02012837858957809,3.477648541501978e-5,3.477648541501978e-5,1.1885281772094913e-6,1.6485893046094824e-4,9.904401476745761e-8,12.263408753588367,81.00572067406341
TUR.10.4_1,2032,aegypti,0.017778870982116418,7.12651773704387e-11,7.12651773704387e-11,1.8091084186266926e-12,1.4541071499713878e-4,1.5075903488555772e-13,11.321999185596473,83.34326924787526
TUR.10.4_1,2033,aegypti,0.020470877511147526,6.880495802737604e-13,6.880495802737604e-13,2.1094237467877974e-14,1.676638559880983e-4,1.7578531223231646e-15,12.090877769703237,81.70063390241627
TUR.10.4_1,2034,aegypti,0.020837806217417817,2.710358409548826e-5,2.710358409548826e-5,9.58944951556795e-7,1.7066884145512198e-4,7.991207929639958e-8,12.198136015052167,81.62732241458261
TUR.10.4_1,2035,aegypti,0.02015741737404409,4.625275024094932e-13,4.625275024094932e-13,1.3322676295501878e-14,1.6509674652998943e-4,1.1102230246251565e-15,11.97449657650249,81.1122626255608
TUR.10.4_1,2036,aegypti,0.022305577126221717,3.2242249564662375e-12,3.2242249564662375e-12,1.0291767438275201e-13,1.824301098293605e-4,8.576472865229334e-15,13.36302649310685,81.32179377383554
TUR.10.4_1,2037,aegypti,0.02221804240087016,6.54970933515703e-4,6.54970933515703e-4,2.4703179721696777e-5,1.8197227922857792e-4,2.0585983630990365e-6,13.86988756389873,80.50319661603932
TUR.10.4_1,2038,aegypti,0.02052274664436336,2.0898349332614866e-5,2.0898349332614866e-5,7.282199375735487e-7,1.6808864210702637e-4,6.068499479779572e-8,12.28173581094997,81.68036768740976
TUR.10.4_1,2039,aegypti,0.02268007797253915,1.3137075060657792e-10,1.3137075060657792e-10,5.048628182180437e-12,1.8575608479818687e-4,4.2071901518170307e-13,13.127686275357572,80.00668261355722
TUR.10.4_1,2040,aegypti,0.019232529698652655,8.104157244593022e-7,8.104157244593022e-7,2.225532080846193e-8,1.5729890393674043e-4,1.8546100673718275e-9,12.12288662127114,81.35170926557545
TUR.10.4_1,2041,aegypti,0.022978314059910587,1.6183350955619363e-14,1.6183350955619363e-14,6.661338147750939e-16,1.8819845812874844e-4,5.551115123125783e-17,13.09170783888754,81.78951253400807
TUR.10.4_1,2042,aegypti,0.02191467845713455,1.0769845951613908e-6,1.0769845951613908e-6,3.3844069879940264e-8,1.7948789413526253e-4,2.8203391566616887e-9,12.243462238028217,81.34447659955983
TUR.10.4_1,2043,aegypti,0.019879078555338655,2.877359679224571e-12,2.877359679224571e-12,8.182343691487404e-14,1.6281725990271076e-4,6.8186197429061695e-15,11.600983625466196,83.3414852411207
TUR.10.4_1,2044,aegypti,0.0211162479733508,3.3193797923672445e-4,3.3193797923672445e-4,1.188420411812885e-5,1.7270392964355286e-4,9.903503431774041e-7,12.397740392202703,78.66411516970956
TUR.10.4_1,2045,aegypti,0.02192611113165684,1.6561301469097955e-11,1.6561301469097955e-11,5.310196726782124e-13,1.7958152162628194e-4,4.425163938985103e-14,12.954491447224784,80.09505516197845
TUR.10.4_1,2046,aegypti,0.02224964781584731,8.39548128153236e-4,8.39548128153236e-4,3.1715905070006656e-5,1.8223110991862543e-4,2.642992089167221e-6,13.804312917902635,79.27783892459237
TUR.10.4_1,2047,aegypti,0.022099727356095597,0.0010500150844431925,0.0010500150844431925,3.9399352755431494e-5,1.8100334443800956e-4,3.28327939639698e-6,12.903374128852851,79.55367269025807
TUR.10.4_1,2048,aegypti,0.023003821020401882,0.007056436201981509,0.007056436201981509,2.7518491344968865e-4,1.881402078917719e-4,2.2932076120807388e-5,13.19078520269649,80.62452910250985
TUR.10.4_1,2049,aegypti,0.020869696886822248,1.0507836813629842e-11,1.0507836813629842e-11,3.723688024592775e-13,1.7093001158926166e-4,3.1030733538273125e-14,12.494356317633954,81.9372137974358
TUR.10.4_1,2050,aegypti,0.021320832830385796,6.836069377416654e-8,6.836069377416654e-8,2.4614199567452033e-9,1.7462460223487594e-4,2.0511832972876695e-10,12.92781553746717,80.51815022932057
TUR.10.4_1,2051,aegypti,0.02199202798200411,1.5356052946171686e-7,1.5356052946171686e-7,5.6580750085188924e-9,1.8012134518819814e-4,4.715062507099077e-10,12.447550141130455,80.22266346123382
TUR.10.4_1,2052,aegypti,0.021266523312484974,8.838771177673618e-4,8.838771177673618e-4,3.1869879060009154e-5,1.7393286791636542e-4,2.6558232550285186e-6,12.584206137373615,81.70499282982513
TUR.10.4_1,2053,aegypti,0.022106796399317504,3.5298246438969505e-9,3.5298246438969505e-9,1.2936640647609465e-10,1.8106123602305382e-4,1.0780533873007888e-11,13.167613797698982,80.21398725019459
TUR.10.4_1,2054,aegypti,0.021637589066723143,1.3847461911166402e-5,1.3847461911166402e-5,5.087379932877667e-7,1.772186771332914e-4,4.239483277398056e-8,12.85984369448281,81.38191085961029
TUR.10.4_1,2055,aegypti,0.0212472092917095,1.5393906686804923e-7,1.5393906686804923e-7,5.553489446086246e-9,1.7402166123415644e-4,4.6279078717385386e-10,12.264643468771942,80.91435740298593
TUR.10.4_1,2056,aegypti,0.023513204922980546,9.016739820293569e-8,9.016739820293569e-8,3.5946809973097515e-9,1.923058234644485e-4,2.9955674977581265e-10,13.506800048862464,79.49361727542245
TUR.10.4_1,2057,aegypti,0.020183030507605247,1.0866086430620185e-7,1.0866086430620185e-7,3.722156804997212e-9,1.6530650783009673e-4,3.1017973374976765e-10,11.722047225450046,83.35998143659596
TUR.10.4_1,2058,aegypti,0.02181165902059443,1.4793752126141042e-4,1.4793752126141042e-4,5.478745209952507e-6,1.78644219585448e-4,4.565621008293756e-7,13.30204035174307,80.34041235751474
TUR.10.4_1,2059,aegypti,0.020917972770100813,0.0026796620494299694,0.0026796620494299694,9.516871138093297e-5,1.7132536905346366e-4,7.930725948623873e-6,12.420829150393176,81.23531649417245
TUR.10.4_1,2060,aegypti,0.02167932779962734,0.0044800697040241425,0.0044800697040241425,1.6458632977234267e-4,1.7730873719042547e-4,1.3715530699990689e-5,12.802069133335916,80.37156031436288
TUR.10.4_1,2061,aegypti,0.020200622262897542,8.685314956835566e-4,8.685314956835566e-4,2.978837517098043e-5,1.6545057722741618e-4,2.482364608748696e-6,12.072583549533851,81.57179123070404
TUR.10.4_1,2062,aegypti,0.0217871697394427,8.79839237141448e-7,8.79839237141448e-7,2.7841022043340047e-8,1.7844366524097377e-4,2.3200851795301958e-9,12.755454205785759,80.97219584292733
TUR.10.4_1,2063,aegypti,0.02383338483154948,0.002067142082051328,0.002067142082051328,8.364731884036303e-5,1.9520093327518584e-4,6.970609911412702e-6,13.285780145043699,80.08597363935475
TUR.10.4_1,2064,aegypti,0.02161149939369671,1.4151390761649798e-5,1.4151390761649798e-5,5.162146429205094e-7,1.7675404490900362e-4,4.301788742814653e-8,12.904704136962263,83.29206774539315
TUR.10.4_1,2065,aegypti,0.02244140208237152,1.269932954330033e-8,1.269932954330033e-8,4.736245839964681e-10,1.8380146858462676e-4,3.946871533303901e-11,13.680283579542804,80.53984059797291
TUR.10.4_1,2066,aegypti,0.02190389771455354,0.006340717257397651,0.006340717257397651,2.3578916435806896e-4,1.7939960560905965e-4,1.964909702983908e-5,12.998796108677555,83.32582272993092
TUR.10.4_1,2067,aegypti,0.022717661274720812,1.312252926275829e-10,1.312252926275829e-10,5.061728813871014e-12,1.8606386970633956e-4,4.2181073448925116e-13,13.227474444423683,81.38741673933033
TUR.10.4_1,2068,aegypti,0.02183006993125251,1.5096225273305195e-7,1.5096225273305195e-7,4.7055678242813315e-9,1.7854148636749687e-4,3.9213065202344427e-10,13.124037204498617,80.85209264265065
TUR.10.4_1,2069,aegypti,0.02307317214714386,7.639797899584595e-5,7.639797899584595e-5,2.9929384298688078e-6,1.8897528711269337e-4,2.494115358779118e-7,13.51135628751374,78.89603255099618
TUR.10.4_1,2070,aegypti,0.021566613324504307,9.84518127877561e-4,9.84518127877561e-4,3.6050649890539965e-5,1.7663742202721674e-4,3.004220824211664e-6,12.91664934487598,81.49115552412037
TUR.10.4_1,2071,aegypti,0.022886455442082034,0.017746512743291164,0.017746512743291164,6.893774620562176e-4,1.87446192284881e-4,5.744812183801814e-5,12.826650265171695,80.7217342645582
TUR.10.4_1,2072,aegypti,0.023132076968806536,2.6297762127804512e-8,2.6297762127804512e-8,1.0314096243746462e-9,1.891890551830866e-4,8.595080203122052e-11,12.867303434326816,81.86614408002858
TUR.10.4_1,2073,aegypti,0.021825025879843314,4.5525803416202916e-4,4.5525803416202916e-4,1.683731462109872e-5,1.7875368711956866e-4,1.4031097964328776e-6,12.845009548777906,80.32284090823495
TUR.10.4_1,2074,aegypti,0.02264951197466849,6.711451406692085e-4,6.711451406692085e-4,2.5809818608446555e-5,1.8550576736201899e-4,2.150818217370546e-6,13.12341517042574,81.1707686375237
TUR.10.4_1,2075,aegypti,0.02193698185642676,4.7724305980864635e-8,4.7724305980864635e-8,1.4978978057911263e-9,1.796705470400358e-4,1.2482481714926053e-10,12.926865009779302,81.91435231672291
TUR.39.3_1,2025,albopictus,0.001436341911071214,1.0397443623475868e-8,1.0397443623475868e-8,2.377775754069944e-11,1.1765204091962467e-5,1.9814797950582865e-12,11.69362138508472,61.71530329458402
TUR.39.3_1,2026,albopictus,0.0016346530427531183,2.079498688786763e-9,2.079498688786763e-9,5.258127266927204e-12,1.338957576242176e-5,4.3817727224393366e-13,12.900305245555572,55.42583293986804
TUR.39.3_1,2027,albopictus,0.0015561629853360888,8.087800930978161e-9,8.087800930978161e-9,1.9306889420533935e-11,1.2746662007706577e-5,1.6089074517111612e-12,12.293482306586833,63.70434970927722
TUR.39.3_1,2028,albopictus,0.0014802670423108555,6.346786394578752e-9,6.346786394578752e-9,1.5854761947764473e-11,1.210780289467861e-5,1.3212301623137062e-12,11.693548525857063,64.12285474213448
TUR.39.3_1,2029,albopictus,0.00139557064929154,8.350518343045825e-8,8.350518343045825e-8,1.9772838921738867e-10,1.1431245246273924e-5,1.647736576811572e-11,10.961031367865337,65.57761561147855
TUR.39.3_1,2030,albopictus,0.0016487035649201092,2.611866040274265e-8,2.611866040274265e-8,7.186773398615287e-11,1.350466384300586e-5,5.988977832179406e-12,13.433729010807605,58.3459871935098
TUR.39.3_1,2031,albopictus,0.0015771792803779402,1.3070300492990423e-7,1.3070300492990423e-7,3.4993274944383757e-10,1.291880698034431e-5,2.916106245365313e-11,12.5053898672135,60.665658824369174
TUR.39.3_1,2032,albopictus,0.0013930812567299973,2.2925836977947627e-8,2.2925836977947627e-8,5.217781762212326e-11,1.1394673836031174e-5,4.348151468510271e-12,11.5735536247364,64.7545368201781
TUR.39.3_1,2033,albopictus,0.0016040161266866037,1.6713640537703117e-8,1.6713640537703117e-8,3.895017641752929e-11,1.3138628177672418e-5,3.2458480347941077e-12,12.965139779435725,59.45144704254952
TUR.39.3_1,2034,albopictus,0.0016327671932630753,1.0393979575989975e-7,1.0393979575989975e-7,2.8792590534010287e-10,1.3374128734052379e-5,2.3993825445008572e-11,12.515888577190173,59.57329737417386
TUR.39.3_1,2035,albopictus,0.0015794546434422482,1.6239957685404424e-8,1.6239957685404424e-8,3.7289615839597445e-11,1.2937444531282058e-5,3.1074679866331203e-12,12.843555845804147,61.02848358226306
TUR.39.3_1,2036,albopictus,0.0017477758540652734,2.257907611180147e-8,2.257907611180147e-8,5.853129092514564e-11,1.4295865891245096e-5,4.87760757709547e-12,13.436554529256753,63.18524236751086
TUR.39.3_1,2037,albopictus,0.0017409169829185668,5.239025267859502e-8,5.239025267859502e-8,1.5413736953462376e-10,1.4259985238564607e-5,1.284478079455198e-11,12.925764186170829,62.57412357402331
TUR.39.3_1,2038,albopictus,0.0016080803846115583,5.950880619584459e-7,5.950880619584459e-7,1.611863753581133e-9,1.317191859875888e-5,1.3432197946509442e-10,12.399435354259742,61.454127821052936
TUR.39.3_1,2039,albopictus,0.0017771202432651906,1.5603612869711607e-8,1.5603612869711607e-8,4.2918668619051914e-11,1.455652647198528e-5,3.576555718254326e-12,13.892484881467752,58.636703046883014
TUR.39.3_1,2040,albopictus,0.0015069841425614883,5.196733720268706e-9,5.196733720268706e-9,1.1532330645991351e-11,1.2326333132084422e-5,9.610275538326125e-13,12.117548756785325,60.9078711199014
TUR.39.3_1,2041,albopictus,0.0018004888308327336,7.191536410822153e-9,7.191536410822153e-9,2.188715875206526e-11,1.4747938731139257e-5,1.8239298960054384e-12,14.003349957850707,59.08041146668282
TUR.39.3_1,2042,albopictus,0.0017171465970256226,4.1825504971323975e-8,4.1825504971323975e-8,1.079916156498939e-10,1.4065281737788796e-5,8.999301304157825e-12,13.585031706081958,57.441784732267124
TUR.39.3_1,2043,albopictus,0.0015576451263053647,5.069865684081039e-9,5.069865684081039e-9,1.308753105888627e-11,1.2758802260759428e-5,1.0906275882405225e-12,12.638662723687423,58.47700742157784
TUR.39.3_1,2044,albopictus,0.0016545847761496042,2.098401126762739e-9,2.098401126762739e-9,5.569766869939485e-12,1.353361891351379e-5,4.641472391616238e-13,12.981938687947524,59.7338323918232
TUR.39.3_1,2045,albopictus,0.001718042415697535,2.8730194991712553e-8,2.8730194991712553e-8,8.020573094569272e-11,1.4072619399507769e-5,6.68381091214106e-12,13.23839379895442,61.49997889272855
TUR.39.3_1,2046,albopictus,0.0017433934568892777,1.0856600828079246e-7,1.0856600828079246e-7,3.0799029993033855e-10,1.4280270062477785e-5,2.5665858327528213e-11,12.999935326960815,63.42318490418282
TUR.39.3_1,2047,albopictus,0.0017316462889903409,4.60896408546139e-8,4.60896408546139e-8,1.339849342585353e-10,1.4184048884480216e-5,1.1165411188211275e-11,13.571092858152719,55.90630232565091
TUR.39.3_1,2048,albopictus,0.0018024874542893253,1.5935040538363662e-8,1.5935040538363662e-8,4.8554382736654134e-11,1.4743373571786863e-5,4.046198561387844e-12,13.716604506459964,57.81870686285184
TUR.39.3_1,2049,albopictus,0.0016352660186303653,2.9172406577302836e-9,2.9172406577302836e-9,8.038236742891058e-12,1.3394596659203431e-5,6.698530619075882e-13,12.727301929629974,62.14832007162259
TUR.39.3_1,2050,albopictus,0.0016706152276913765,8.847333552562212e-8,8.847333552562212e-8,2.2204948990633966e-10,1.3684142637980049e-5,1.850412415886164e-11,12.963118377315135,57.723393949592975
TUR.39.3_1,2051,albopictus,0.0017232073965792695,8.734180969604636e-8,8.734180969604636e-8,2.4419399835551303e-10,1.411492581985622e-5,2.034949986295942e-11,13.709981856730712,57.39308535329984
TUR.39.3_1,2052,albopictus,0.0016663597509782727,5.204746048444962e-7,5.204746048444962e-7,1.4692663752313706e-9,1.3629931163448386e-5,1.2243886460261422e-10,12.85194081364784,62.297256661181514
TUR.39.3_1,2053,albopictus,0.0017322001909577582,6.404850508394863e-8,6.404850508394863e-8,1.618717382356749e-10,1.4188585901658834e-5,1.3489311519639576e-11,13.267478513704868,62.215483221138385
TUR.39.3_1,2054,albopictus,0.0016954349800951014,7.3996443998627e-9,7.3996443998627e-9,2.0127455258034388e-11,1.3887441599173359e-5,1.6772879381695323e-12,13.197838011060787,58.40382626923409
TUR.39.3_1,2055,albopictus,0.001664846381520703,1.4249071597284095e-7,1.4249071597284095e-7,3.944232718211538e-10,1.3636889926403143e-5,3.2868605985096146e-11,12.924624515560401,61.123104286913936
TUR.39.3_1,2056,albopictus,0.0018424007405647086,1.1575351642649962e-8,1.1575351642649962e-8,3.613320753714788e-11,1.5069839882420055e-5,3.0111006280956567e-12,14.011743483927978,60.033695889239375
TUR.39.3_1,2057,albopictus,0.0015814615861961534,3.2690332254257937e-7,3.2690332254257937e-7,8.534262185833086e-10,1.2953883445012323e-5,7.111885154860904e-11,12.7176941017182,59.868858528857295
TUR.39.3_1,2058,albopictus,0.0017090744058123962,1.2818471657402577e-7,1.2818471657402577e-7,3.715717733498991e-10,1.399916231806242e-5,3.0964314445824925e-11,13.029509374734891,63.69450556509183
TUR.39.3_1,2059,albopictus,0.0016390487238547352,4.7622211917168015e-7,4.7622211917168015e-7,1.3252838826360858e-9,1.3425580867273043e-5,1.1044032355300715e-10,12.694336881724132,62.05497919790433
TUR.39.3_1,2060,albopictus,0.001698705460349274,5.941284075848079e-8,5.941284075848079e-8,1.5279533194245687e-10,1.3894499661354365e-5,1.2732944328538073e-11,13.266254522390298,57.964357885445025
TUR.39.3_1,2061,albopictus,0.001582840005815449,7.829576449642588e-7,7.829576449642588e-7,1.7863296397635509e-9,1.2965174111275365e-5,1.4886080331362925e-10,12.815626738456023,58.88308957489815
TUR.39.3_1,2062,albopictus,0.0017071555236405425,1.0992213918811777e-7,1.0992213918811777e-7,2.932533105237667e-10,1.3983444729331884e-5,2.4437775876980556e-11,12.85369052289638,62.447973760689166
TUR.39.3_1,2063,albopictus,0.0018674887582379104,5.320125623851461e-8,5.320125623851461e-8,1.683916339700886e-10,1.5296735358734843e-5,1.403263616417405e-11,14.197085934864612,54.4165381120889
TUR.39.3_1,2064,albopictus,0.001693390697613728,1.6773881996826056e-7,1.6773881996826056e-7,4.094722338976453e-10,1.3851028096090179e-5,3.412268615813711e-11,12.999619442211719,62.710772228961055
TUR.39.3_1,2065,albopictus,0.0017584185546506363,2.0002820370003856e-8,2.0002820370003856e-8,5.879474684888919e-11,1.4403340783675223e-5,4.899562237407433e-12,13.360287505375476,63.684491984769565
TUR.39.3_1,2066,albopictus,0.0017163018611344434,5.736320651637298e-6,5.736320651637298e-6,1.6696628524215384e-8,1.4058362495729856e-5,1.3913857103512821e-9,12.907832282768817,63.790641340340045
TUR.39.3_1,2067,albopictus,0.0017800651205798388,2.9715975366726802e-9,2.9715975366726802e-9,8.761991132644198e-12,1.4580647984319128e-5,7.301659277203498e-13,13.806424138930572,57.175084464475376
TUR.39.3_1,2068,albopictus,0.001710517011171471,4.896404906519029e-8,4.896404906519029e-8,1.2863166087839772e-10,1.3991111041222748e-5,1.0719305073199811e-11,13.084622626987231,63.167584292814
TUR.39.3_1,2069,albopictus,0.0018079215313403674,2.608861594039502e-7,2.608861594039502e-7,7.955216485555638e-10,1.4808820022601163e-5,6.629347071296365e-11,13.841314462807906,59.76182034882393
TUR.39.3_1,2070,albopictus,0.0016898736046699117,5.4234510008840944e-8,5.4234510008840944e-8,1.4960765959415312e-10,1.3841888294424676e-5,1.2467304966179427e-11,12.932410458431525,60.09682356588529
TUR.39.3_1,2071,albopictus,0.0017932911567568714,1.014789024125634e-7,1.014789024125634e-7,3.0542501860963966e-10,1.468898253846144e-5,2.545208488413664e-11,13.825526806699369,57.87769654663887
TUR.39.3_1,2072,albopictus,0.0018125370776859054,7.181273136761905e-8,7.181273136761905e-8,2.194586734560744e-10,1.4825573366294975e-5,1.8288222788006198e-11,13.922274282065166,54.98230603607979
TUR.39.3_1,2073,albopictus,0.0017101217794673203,2.542621837617794e-8,2.542621837617794e-8,7.380451805261146e-11,1.4007741369143067e-5,6.150376504384288e-12,13.590222937849296,59.48801949890938
TUR.39.3_1,2074,albopictus,0.0017747252138637342,3.760678366919919e-7,3.760678366919919e-7,1.1228568075338785e-9,1.4536908767570633e-5,9.357140062782321e-11,13.935664651778472,60.2110994981973
TUR.39.3_1,2075,albopictus,0.001718894202233321,1.8108132415141827e-8,1.8108132415141827e-8,5.259626068010448e-11,1.407959639337005e-5,4.38302172334204e-12,13.165143234518302,59.51848112814115
TUR.40.25_1,2025,albopictus,3.845862378553803,0.0030962237232140533,0.0030962237232140533,0.018874171800348227,0.030943084038582536,0.0015794303939818677,14.97866865320533,72.63806865937781
TUR.40.25_1,2026,albopictus,4.37684829124298,0.0052165900705715505,0.0052165900705715505,0.035369859314804186,0.03512878215440427,0.0029745218462150593,15.200420243775143,73.22835205323767
TUR.40.25_1,2027,albopictus,4.166688052525476,0.010409705526658819,0.010409705526658819,0.06629472352007049,0.033474588450612845,0.005614968373012415,15.465303622916634,74.61062350200882
TUR.40.25_1,2028,albopictus,3.963473657877671,0.004954070268465383,0.004954070268465383,0.032335014036319554,0.03182761873935178,0.0027002394197354618,14.774236404136117,75.76589471426875
TUR.40.25_1,2029,albopictus,3.736695709673636,0.008342368369994383,0.008342368369994383,0.0505847884529107,0.030079968116832678,0.004232672698470126,14.55814946019182,74.03198637890091
TUR.40.25_1,2030,albopictus,4.414469121063901,0.012463991836866126,0.012463991836866126,0.08220096208285144,0.03542455832730781,0.006996626171980898,15.517890853916898,74.96856099692256
TUR.40.25_1,2031,albopictus,4.222960015221157,0.011527907692001288,0.011527907692001288,0.0789576188422959,0.03391782844236869,0.006592632796767704,15.238847298657193,73.2502258452502
TUR.40.25_1,2032,albopictus,3.730030262453796,0.007083979221020651,0.007083979221020651,0.041087635814268664,0.029985396073729687,0.003457170546977417,14.211297753686999,75.82233570344519
TUR.40.25_1,2033,albopictus,4.294816734559345,0.003723114162915003,0.003723114162915003,0.025357972076317736,0.03448348810218865,0.0021245935676086625,15.156772616739367,74.52921563712032
TUR.40.25_1,2034,albopictus,4.371798854511051,0.009702600880182963,0.009702600880182963,0.06898543825152526,0.035089075435053824,0.0057640593498353805,15.00018203579912,74.35000274903845
TUR.40.25_1,2035,albopictus,4.229052389981737,0.007855550868292736,0.007855550868292736,0.04924034060965421,0.03396580260323765,0.0041539954189443356,15.861098650331591,74.6399283242948
TUR.40.25_1,2036,albopictus,4.679739100755874,0.009558194107561849,0.009558194107561849,0.0666993808016445,0.03745514597719262,0.0056639360292903285,16.432419025138312,75.30933648672969
TUR.40.25_1,2037,albopictus,4.661374201493974,0.0126230852522352,0.0126230852522352,0.08857715175404435,0.03736316548588087,0.0075473612341617384,15.826205932334359,73.20622680909705
TUR.40.25_1,2038,albopictus,4.305698946190045,0.009484281187961486,0.009484281187961486,0.0667488737694717,0.03456912042115188,0.005569845242914502,15.261874798173999,73.0877273711291
TUR.40.25_1,2039,albopictus,4.758309865540866,0.007989445459359413,0.007989445459359413,0.05775259349122208,0.03812305134680278,0.004880964799737726,16.52116700334876,74.45273095694454
TUR.40.25_1,2040,albopictus,4.035009752400826,0.005643104121818699,0.005643104121818699,0.03361960700269806,0.03239134691217158,0.0028277976481691594,15.178653680518563,73.99611995942664
TUR.40.25_1,2041,albopictus,4.82088018467813,6.475797953335633e-4,6.475797953335633e-4,0.005068481103813305,0.038613180802110014,4.227443243162247e-4,15.851603233054574,74.63361817923457
TUR.40.25_1,2042,albopictus,4.5977280514201375,0.014355145988333682,0.014355145988333682,0.09563522841062866,0.036863865637557565,0.008160425446825631,16.162084383999602,72.45363154339066
TUR.40.25_1,2043,albopictus,4.170656543697053,0.003924589267894663,0.003924589267894663,0.025198114597274945,0.033505854862306145,0.0021132115871150825,15.464669946069812,73.39407331076534
TUR.40.25_1,2044,albopictus,4.430216297159998,0.006130204540493676,0.006130204540493676,0.04376747382923607,0.03549895650787391,0.0036685608855924665,15.407030585641955,73.12199193564327
TUR.40.25_1,2045,albopictus,4.600126641408885,0.008545988247996392,0.008545988247996392,0.06206225280341193,0.03688268778154528,0.00522921909287354,16.080365581547515,73.86555717713904
TUR.40.25_1,2046,albopictus,4.668005058674993,0.009416900967441839,0.009416900967441839,0.06968895940994524,0.03741516711288224,0.005863583831359302,15.872258467709317,75.53058892813594
TUR.40.25_1,2047,albopictus,4.636551551171768,0.01727395643237753,0.01727395643237753,0.12057875129360718,0.03716846861323326,0.010324891717846424,15.890468878781094,74.02644998160274
TUR.40.25_1,2048,albopictus,4.826231578173895,0.010898822504354087,0.010898822504354087,0.08272741832194397,0.038601494594052176,0.0069798908630395355,16.210368040437793,73.91265565482051
TUR.40.25_1,2049,albopictus,4.378489558442031,0.00499896168895391,0.00499896168895391,0.033783485706458394,0.035141688011021015,0.002838829453694023,15.687424106632962,73.94483262625606
TUR.40.25_1,2050,albopictus,4.473138466331928,0.012925279687702953,0.012925279687702953,0.08868910244798278,0.03588561192234809,0.007534131381657501,15.9500353368474,73.85961515036495
TUR.40.25_1,2051,albopictus,4.613956082369915,0.010911296455639577,0.010911296455639577,0.07617104618310122,0.03699120156381818,0.006470161658322843,15.796551270519986,72.35674109386673
TUR.40.25_1,2052,albopictus,4.461744258819364,0.016000427687861994,0.016000427687861994,0.1093567777531177,0.035746377460400686,0.009305856027035514,15.830123864844735,75.73919533021521
TUR.40.25_1,2053,albopictus,4.638034645636586,0.014467682417296329,0.014467682417296329,0.09871624451247552,0.03718010255294643,0.00844071036952268,16.11221345587104,74.74695537812781
TUR.40.25_1,2054,albopictus,4.539594336817053,0.018168568079251643,0.018168568079251643,0.12353896751309801,0.036407551946969346,0.010595608094184564,15.489027264947985,73.89533915447464
TUR.40.25_1,2055,albopictus,4.457692152133026,0.007919174151942468,0.007919174151942468,0.05401455513285591,0.03576425133781294,0.0045654570632906455,15.737080100412463,73.11852723685176
TUR.40.25_1,2056,albopictus,4.933100983646067,0.0049197837680584845,0.0049197837680584845,0.03867215083900866,0.03943679659724286,0.003241628617314455,16.586009108260566,71.96540846752396
TUR.40.25_1,2057,albopictus,4.234426058725691,0.01778623480921368,0.01778623480921368,0.113621094710458,0.03400811508369875,0.009705622418240004,15.397208217020129,75.17248771913123
TUR.40.25_1,2058,albopictus,4.576114439605185,0.011726087649447863,0.011726087649447863,0.08668974540574437,0.03669424099158313,0.007239858121612069,15.757557792698636,75.99695029186478
TUR.40.25_1,2059,albopictus,4.388617901561055,0.01692221604846167,0.01692221604846167,0.11209994329534811,0.03522132634364331,0.009585324748153259,16.5319045814229,73.15387485749793
TUR.40.25_1,2060,albopictus,4.548351177282666,0.0141406000377065,0.0141406000377065,0.0948083434913245,0.036425666681694197,0.008099086713173767,15.609384818112149,74.05929611451697
TUR.40.25_1,2061,albopictus,4.238116831872982,0.01997641006694667,0.01997641006694667,0.12307981827035963,0.03403717515126765,0.010594956493164396,15.607846581176215,74.52941018668086
TUR.40.25_1,2062,albopictus,4.570976556558867,0.011693646044593328,0.011693646044593328,0.07951046138877804,0.036653913622578436,0.0067631267985140036,15.418095949525927,73.99362610108923
TUR.40.25_1,2063,albopictus,5.000275145019596,0.019925526907662715,0.019925526907662715,0.1470282537881621,0.040016846871957716,0.012689510649371127,16.57440380576779,71.88059789267452
TUR.40.25_1,2064,albopictus,4.534120689473304,0.021333952741481223,0.021333952741481223,0.14061441614707193,0.036314089387032095,0.012167756647487149,16.30927483562161,73.29678168224564
TUR.40.25_1,2065,albopictus,4.708235353265093,0.009040807745830447,0.009040807745830447,0.06617051950213515,0.037730599127003196,0.005584631494921194,16.044531547263556,75.60093194571407
TUR.40.25_1,2066,albopictus,4.595466237600839,0.01979719750591212,0.01979719750591212,0.13596742920788307,0.03684611641450722,0.011681015388539088,15.954877340033944,75.29367238608272
TUR.40.25_1,2067,albopictus,4.766194891234655,0.008537043298014422,0.008537043298014422,0.06505509838981527,0.038184832504908,0.005464585784503567,15.973298195238208,75.16574238069128
TUR.40.25_1,2068,albopictus,4.579977072613944,0.010965540171940841,0.010965540171940841,0.07473212742044921,0.03667358368638455,0.00636053734164758,16.12208744211524,73.9456063740181
TUR.40.25_1,2069,albopictus,4.840781534790548,0.01897754947619125,0.01897754947619125,0.13645939851378797,0.038769013402240864,0.01174687632984229,16.41804747108151,74.31227984356156
TUR.40.25_1,2070,albopictus,4.524703533759722,0.012406128460968772,0.012406128460968772,0.08478049665814213,0.036290628627518,0.007216079522809347,15.891244295473193,73.59788972464473
TUR.40.25_1,2071,albopictus,4.80160812714915,0.00939151037097743,0.00939151037097743,0.07064666281491316,0.03846224821475533,0.005966172097504968,16.6568167241765,71.2966920368599
TUR.40.25_1,2072,albopictus,4.853139843010863,0.007237135172620031,0.007237135172620031,0.056143523511993476,0.03881189043259397,0.004714200133000769,16.232560757036303,71.66032582846553
TUR.40.25_1,2073,albopictus,4.578918824065956,0.014259170164793816,0.014259170164793816,0.0987106221591304,0.03671625185983937,0.008422013562893663,15.703704876934781,73.63683841950964
TUR.40.25_1,2074,albopictus,4.7518970794210755,0.0177196356773331,0.0177196356773331,0.12718381757220953,0.03807280221290694,0.010874979155342376,16.73061128778785,73.73043964631628
TUR.40.25_1,2075,albopictus,4.602407333608484,0.009767426427415371,0.009767426427415371,0.07040813686695968,0.036900584371784347,0.005946010253601984,15.90288675152788,73.42546350088985
TUR.59.4_1,2025,albopictus,1.1891436740651495,6.596112264496366e-7,6.596112264496366e-7,1.2282957299047936e-6,0.009686522606769915,1.023580086060664e-7,14.636299395751136,57.36246494228266
TUR.59.4_1,2026,albopictus,1.353324936143873,1.043413691951082e-7,1.043413691951082e-7,2.2695274826123324e-7,0.011015476037511482,1.891272994695529e-8,15.286597077241716,55.31595806056879
TUR.59.4_1,2027,albopictus,1.2883432249405413,1.3373987416269764e-6,1.3373987416269764e-6,2.67050899338539e-6,0.01048972984119396,2.225425648760826e-7,15.064670229148046,60.25540673508864
TUR.59.4_1,2028,albopictus,1.2255091741898003,2.3107800519537592e-6,2.3107800519537592e-6,4.361704205702033e-6,0.009966983641838484,3.6347574453958015e-7,14.32007776120422,61.79984954769037
TUR.59.4_1,2029,albopictus,1.15538925413543,1.5559354824523863e-5,1.5559354824523863e-5,3.0480246167807756e-5,0.009413047285383178,2.5400210759233635e-6,13.881200874041692,63.25399974758051
TUR.59.4_1,2030,albopictus,1.364957326331338,1.0362382261458945e-5,1.0362382261458945e-5,2.3921910407564972e-5,0.011109556320112521,1.993493504650242e-6,15.965114895692643,58.49063050523024
TUR.59.4_1,2031,albopictus,1.3057425600909485,1.744497084192208e-5,1.744497084192208e-5,3.866925224760287e-5,0.010630533558171432,3.2224377853699395e-6,14.79547667919713,60.176805851604755
TUR.59.4_1,2032,albopictus,1.1533282926094828,6.682386180393897e-7,6.682386180393897e-7,1.1540316197100609e-6,0.009383094118281829,9.616932479990699e-8,14.3232101641011,61.79140762264154
TUR.59.4_1,2033,albopictus,1.3279607142601084,6.93265533987746e-7,6.93265533987746e-7,1.3124642246342688e-6,0.010810300203652248,1.0937204649360173e-7,15.580450936348415,58.66219524318598
TUR.59.4_1,2034,albopictus,1.3517636463325557,1.274251158500291e-7,1.274251158500291e-7,2.6665160635097607e-7,0.01100284788182973,2.2220968833493632e-8,15.240176383844194,56.01517681056879
TUR.59.4_1,2035,albopictus,1.307626327161496,2.0574991681353526e-6,2.0574991681353526e-6,3.874840094120202e-6,0.010645776527226073,3.2290340179486066e-7,15.485117538959956,60.13278011257074
TUR.59.4_1,2036,albopictus,1.446979012814233,1.7331360111460154e-7,1.7331360111460154e-7,3.563355120972389e-7,0.011756058787638727,2.9694628089771413e-8,16.171363377761022,60.362315851197856
TUR.59.4_1,2037,albopictus,1.4413005715096472,6.066679316294801e-6,6.066679316294801e-6,1.4817924898657964e-5,0.011726750629934593,1.234827256095065e-6,15.420838419786271,59.67710753058018
TUR.59.4_1,2038,albopictus,1.3313255026604025,6.0805663676196846e-6,6.0805663676196846e-6,1.3680855224795785e-5,0.010837521388519603,1.1400716466436478e-6,15.430950864346004,57.69218289628249
TUR.59.4_1,2039,albopictus,1.4712731551193634,1.440963760646711e-7,1.440963760646711e-7,3.4097291135015695e-7,0.011968942705814315,2.841441126832933e-8,16.503765924961545,57.020078060772235
TUR.59.4_1,2040,albopictus,1.2476281909138267,3.4552966034588626e-7,3.4552966034588626e-7,6.189893521080236e-7,0.01014583134295959,5.158245370654827e-8,14.668052856317338,60.20951084072016
TUR.59.4_1,2041,albopictus,1.4906199470381878,1.2328883876609186e-6,1.2328883876609186e-6,3.0431375998007937e-6,0.012125237576516262,2.535948687987233e-7,16.446668768118993,59.65990356380365
TUR.59.4_1,2042,albopictus,1.4216211318185774,5.467089122140611e-7,5.467089122140611e-7,1.1718109397262921e-6,0.01156769496635987,9.765094132381987e-8,16.306194806288854,56.125197448080996
TUR.59.4_1,2043,albopictus,1.2895702855339155,2.4919342833673585e-7,2.4919342833673585e-7,5.426524883889172e-7,0.010499660550415022,4.522104118942494e-8,15.525477532735643,54.95939099564772
TUR.59.4_1,2044,albopictus,1.369826365572962,6.541902008791225e-7,6.541902008791225e-7,1.4942869347445153e-6,0.011133224420922294,1.2452392267325862e-7,15.779711330126897,57.68974180792393
TUR.59.4_1,2045,albopictus,1.4223627777307402,2.3614710108807074e-6,2.3614710108807074e-6,5.616611826408935e-6,0.011573689720949845,4.680511357380013e-7,15.926130676459447,58.95731707190098
TUR.59.4_1,2046,albopictus,1.4433508377683695,5.011208415534768e-6,5.011208415534768e-6,1.2036483374444629e-5,0.011743319871107855,1.003041219332923e-6,15.521496637852168,61.158721643434184
TUR.59.4_1,2047,albopictus,1.4336253884950945,2.385016423315667e-5,2.385016423315667e-5,5.795481708692485e-5,0.011664720768426201,4.829570308201303e-6,16.11641715386627,56.29510978633783
TUR.59.4_1,2048,albopictus,1.4922746021185174,1.9257439898382374e-7,1.9257439898382374e-7,4.864899356693542e-7,0.012121510290859033,4.054082809272034e-8,16.155735596210935,57.00468925411127
TUR.59.4_1,2049,albopictus,1.3538324172534641,6.236024761365384e-8,6.236024761365384e-8,1.0510662062923615e-7,0.011019580649299365,8.758885117199355e-9,15.57233590303975,59.04927336945754
TUR.59.4_1,2050,albopictus,1.3830979340598062,1.216270159605901e-5,1.216270159605901e-5,2.4258109620922674e-5,0.01125625328236273,2.0215116503611665e-6,15.492564225386756,56.5957146065893
TUR.59.4_1,2051,albopictus,1.4266388517593824,1.0899934969294723e-5,1.0899934969294723e-5,2.639853231989342e-5,0.011608252594633736,2.199877728620292e-6,16.359403673997697,57.05369603409987
TUR.59.4_1,2052,albopictus,1.3795748361299094,1.899376864540286e-5,1.899376864540286e-5,4.433926885683004e-5,0.01121194615879842,3.6949403958615643e-6,15.574287021350044,59.94456167791905
TUR.59.4_1,2053,albopictus,1.4340839624707822,1.1983073244888496e-5,1.1983073244888496e-5,2.569899491011718e-5,0.01166842703033813,2.1415944960745392e-6,15.933838669648942,61.258320845908145
TUR.59.4_1,2054,albopictus,1.4036461415132397,7.792008740693801e-8,7.792008740693801e-8,1.549833352765262e-7,0.011422389680738129,1.2915278245021847e-8,15.755285624852952,57.10654326056065
TUR.59.4_1,2055,albopictus,1.3783219215535671,2.3201977239173267e-5,2.3201977239173267e-5,5.377916232707225e-5,0.011217633693391746,4.4816077857205245e-6,15.77874231754857,59.16598768805088
TUR.59.4_1,2056,albopictus,1.5253187063945848,1.7871357473062399e-6,1.7871357473062399e-6,3.9790047722254585e-6,0.012388017666808396,3.315840380417138e-7,16.866261267851964,57.85973520849766
TUR.59.4_1,2057,albopictus,1.309287869766096,1.9191999006609363e-5,1.9191999006609363e-5,3.9552160701172845e-5,0.01065922108929332,3.2960452274466423e-6,15.74760463256754,57.59071639949701
TUR.59.4_1,2058,albopictus,1.4149381860359165,3.1010701229556446e-5,3.1010701229556446e-5,7.449191441677439e-5,0.011513674566838883,6.207659698674132e-6,15.47102513332285,61.088732121136005
TUR.59.4_1,2059,albopictus,1.3569641089166686,1.2130598254108385e-5,1.2130598254108385e-5,2.7099429640964345e-5,0.01104490998646764,2.2582942408033713e-6,15.67990130602437,59.102892595277446
TUR.59.4_1,2060,albopictus,1.4063537634766647,4.006916010788027e-6,4.006916010788027e-6,8.375727031495472e-6,0.011428156974285583,6.97978428989184e-7,15.56406718908864,58.96417844071608
TUR.59.4_1,2061,albopictus,1.3104290597278023,1.9836675856620036e-5,1.9836675856620036e-5,3.7298051014045264e-5,0.010668455037594208,3.1081735035095224e-6,15.438825035285133,58.71630672389887
TUR.59.4_1,2062,albopictus,1.4133495485545844,4.4839174515363305e-6,4.4839174515363305e-6,1.0033440024592721e-5,0.011500832603425196,8.361219929475805e-7,15.858973388067064,58.423659362143496
TUR.59.4_1,2063,albopictus,1.5460890099559932,9.37957880283367e-6,9.37957880283367e-6,2.4619972529560386e-5,0.012573193136573568,2.0516643909988344e-6,16.940786226780393,53.1431672153336
TUR.59.4_1,2064,albopictus,1.4019536854469024,1.2086455566397985e-5,1.2086455566397985e-5,2.5710173548798565e-5,0.01139263481902933,2.1425274623343427e-6,15.79119740346191,60.05453685695551
TUR.59.4_1,2065,albopictus,1.4557900765160607,1.9549176967145938e-6,1.9549176967145938e-6,4.76773392510399e-6,0.011843840867242106,3.9731122502180877e-7,15.818903351019994,61.8638391869726
TUR.59.4_1,2066,albopictus,1.4209217772056482,2.3167701022234538e-5,2.3167701022234538e-5,5.587151285246783e-5,0.011562042016064885,4.6559598659475414e-06,15.798330052883601,59.89454940730951
TUR.59.4_1,2067,albopictus,1.4737112112692397,3.0018091602616406e-8,3.0018091602616406e-8,6.148934394989425e-8,0.011988640325405262,5.124112069839389e-9,16.415862504831132,56.54483830704909
TUR.59.4_1,2068,albopictus,1.416132515202039,7.457022869321502e-7,7.457022869321502e-7,1.7245922162567595e-6,0.011507096342211837,1.4371605588925362e-7,15.726440632533208,61.02658180171869
TUR.59.4_1,2069,albopictus,1.4967734601549092,1.2241956194268027e-5,1.2241956194268027e-5,3.0077506148695754e-5,0.01217494339161281,2.506467714491478e-6,16.555861218960263,57.96298412258051
TUR.59.4_1,2070,albopictus,1.3990418934891509,7.56788624053308e-7,7.56788624053308e-7,1.6704731529149086e-6,0.011385166178300496,1.392061523923053e-7,15.542763614844457,58.60560707027338
TUR.59.4_1,2071,albopictus,1.4846610116835055,5.376148136974419e-6,5.376148136974419e-6,1.1389088223068278e-5,0.012077100767459789,9.490928048934885e-7,16.49216225166239,56.90120319301508
TUR.59.4_1,2072,albopictus,1.500594658782371,2.0570330956876564e-7,2.0570330956876564e-7,5.199159737179215e-7,0.012188620961868272,4.332633182779766e-8,16.555350128999528,53.88962431524815
TUR.59.4_1,2073,albopictus,1.415805303918181,2.820266346870696e-6,2.820266346870696e-6,6.637001835563261e-6,0.011520683949781249,5.530838459536872e-7,15.851456586709794,58.8069471098445
TUR.59.4_1,2074,albopictus,1.4692903166043905,1.1751847060593881e-5,1.1751847060593881e-5,2.8890635882405924e-5,0.011952922564198063,2.407556583687113e-6,16.538747553220567,59.00699619228266
TUR.59.4_1,2075,albopictus,1.4230679695537154,4.0963302128130726e-7,4.0963302128130726e-7,9.864244973067926e-7,0.011579389777130059,8.220204241367786e-8,15.764513000042415,57.60903870835524
TUR.81.6_1,2025,aegypti,0.002478096308459468,1.1464643567317875e-9,1.1464643567317875e-9,4.1707748366093256e-12,2.0298207985723165e-5,3.475645697174438e-13,12.490222059847678,79.21574761918366
TUR.81.6_1,2026,aegypti,0.0028202391364027385,4.66813457375972e-6,4.66813457375972e-6,1.9465582368205503e-8,2.3100679665923513e-5,1.6221318732689838e-9,13.56138716455476,74.40224848639151
TUR.81.6_1,2027,aegypti,0.002684821573191169,1.0359643496785712e-4,1.0359643496785712e-4,4.71901942966646e-7,2.1991483481846135e-5,3.9325161987902035e-8,13.290950102768107,79.27279069474518
TUR.81.6_1,2028,aegypti,0.002553879591488766,1.5036910165729436e-6,1.5036910165729436e-6,6.511154060362401e-9,2.0889282041747226e-5,5.425961716968667e-10,12.912151419283713,79.31670167496979
TUR.81.6_1,2029,aegypti,0.0024077543428531775,1.7336836961855546e-4,1.7336836961855546e-4,7.087563891339244e-7,1.97220399922593e-5,5.906303242782703e-8,12.508855614226823,78.53384568742096
TUR.81.6_1,2030,aegypti,0.002844480263703675,8.803095765465899e-5,8.803095765465899e-5,4.045068421332232e-7,2.329923696672842e-5,3.370890621264463e-8,13.675913456243043,75.6988841141381
TUR.81.6_1,2031,aegypti,0.0027210806301463933,0.0024255270202727455,0.0024255270202727455,1.1206251181783422e-5,2.2288479124813836e-5,9.338542651486185e-7,13.246888263187573,76.9592699453352
TUR.81.6_1,2032,aegypti,0.0024034594361394515,2.757701779830558e-6,2.757701779830558e-6,9.65779778372422e-9,1.9658944555337825e-5,8.048164819770184e-10,12.323186291418239,80.30196168473542
TUR.81.6_1,2033,aegypti,0.0027673817853626987,1.7815965710617683e-8,1.7815965710617683e-8,8.367639914297342e-11,2.2667728813337746e-5,6.973033261914452e-12,13.302862945359712,78.06466399084708
TUR.81.6_1,2034,aegypti,0.0028169855123014267,7.790104375415816e-5,7.790104375415816e-5,3.7260018392881733e-7,2.3074029465451156e-5,3.1050015327401446e-8,12.967818024915223,78.5882795100528
TUR.81.6_1,2035,aegypti,0.0027250062754030032,1.7483669788495765e-6,1.7483669788495765e-6,7.026853432456903e-9,2.2320633830859766e-5,5.855711193714086e-10,13.935066385231181,75.90529897263825
TUR.81.6_1,2036,aegypti,0.0030154080018062,7.613708762552095e-5,7.613708762552095e-5,3.370972846417075e-7,2.4664268717509524e-5,2.8091441746832164e-8,14.447672409973308,78.7926226700463
TUR.81.6_1,2037,aegypti,0.0030035745078881835,6.470984685690031e-4,6.470984685690031e-4,2.852211496984225e-6,2.4602365168389467e-5,2.3768438357311497e-7,14.029741926155255,78.56928041032135
TUR.81.6_1,2038,aegypti,0.002774393780544922,6.890029621433259e-4,6.890029621433259e-4,3.245665395112951e-6,2.2725163586034824e-5,2.704721162594126e-7,13.085582179985211,78.82175551306388
TUR.81.6_1,2039,aegypti,0.0030660353781918684,1.010799758500098e-6,1.010799758500098e-6,4.048844925996775e-9,2.5113976620527723e-5,3.374037438330646e-10,14.568024042409425,76.76711506099682
TUR.81.6_1,2040,aegypti,0.0025999741508645753,8.678130902501487e-4,8.678130902501487e-4,3.227548607820374e-6,2.126630473638554e-5,2.689623938660161e-7,13.193775815925761,77.55292648525219
TUR.81.6_1,2041,aegypti,0.0031063528054970785,1.6363433015994153e-12,1.6363433015994153e-12,8.548717289613705e-15,2.5444212935192095e-5,7.123931074678088e-16,14.035284283917909,78.343789840253
TUR.81.6_1,2042,aegypti,0.0029625638647551495,1.7018727410367428e-4,1.7018727410367428e-4,7.242204802526686e-7,2.4266450463180284e-5,6.035170790896771e-8,13.92621700283067,76.5267331843692
TUR.81.6_1,2043,aegypti,0.0026873786858370293,2.617487425432552e-7,2.617487425432552e-7,1.0622316359842898e-9,2.201242863315393e-5,8.851930299869082e-11,13.171928130747641,78.54267480424225
TUR.81.6_1,2044,aegypti,0.002854627017568298,2.4903119555989996e-4,2.4903119555989996e-4,1.2053159976765926e-6,2.3349192099092475e-5,1.0044299980638272e-7,13.453309002679353,76.96369467627188
TUR.81.6_1,2045,aegypti,0.002964109405497784,8.520812009838134e-5,8.520812009838134e-5,4.2847283909797085e-7,2.427910985886017e-5,3.5706069989593914e-8,14.354808889986838,75.94795746059398
TUR.81.6_1,2046,aegypti,0.0030078471263765196,0.00782210062933821,0.00782210062933821,3.9947143885332714e-5,2.4637361817218355e-5,3.3289286571203114e-6,14.118388814888165,78.47931840470612
TUR.81.6_1,2047,aegypti,0.0029875799370806936,0.0016593672944893586,0.0016593672944893586,8.409904399320212e-6,2.447135500862248e-5,7.008253943285858e-7,14.153074982923036,75.95647822271964
TUR.81.6_1,2048,aegypti,0.0031098009966078473,0.003802495862606726,0.003802495862606726,2.0049142075984072e-5,2.5436336839453528e-5,1.6707618397393542e-6,14.306150757433738,77.27464527339916
TUR.81.6_1,2049,aegypti,0.002821296693274728,1.0558506216839468e-6,1.0558506216839468e-6,5.014426984750742e-9,2.3109342037872887e-5,4.1786891539589516e-10,13.49831259564734,78.76636483720124
TUR.81.6_1,2050,aegypti,0.0028822840833981032,5.353627405655693e-4,5.353627405655693e-4,2.6116332539904974e-6,2.3608885199200014e-5,2.1763611403787428e-7,14.063718779049085,77.91723547827384
TUR.81.6_1,2051,aegypti,0.0029730204593058185,3.91096465683437e-4,3.91096465683437e-4,1.8960329618566973e-6,2.4352099555942825e-5,1.5800279823396934e-7,14.022259039840861,74.2322445954003
TUR.81.6_1,2052,aegypti,0.002874942181687797,2.2634686687534987e-4,2.2634686687534987e-4,1.1010939193756286e-6,2.3515356120153614e-5,9.175782769710317e-8,13.793882849973206,78.99364704341869
TUR.81.6_1,2053,aegypti,0.0029885355747391964,1.6453843319273368e-5,1.6453843319273368e-5,8.036725829274616e-8,2.4479182555372143e-5,6.697271616914098e-9,14.236045125287538,77.88497712662995
TUR.81.6_1,2054,aegypti,0.002925105180752756,0.0017373471901031997,0.0017373471901031997,8.626643746234564e-6,2.3959629441905328e-5,7.188869864301525e-7,13.477584722798829,78.95889006506583
TUR.81.6_1,2055,aegypti,0.002872331191061379,3.6532403380640556e-6,3.6532403380640556e-6,1.7814648312075576e-8,2.3527361820226595e-5,1.484554026006298e-9,13.615598880411948,77.3050239329654
TUR.81.6_1,2056,aegypti,0.00317866271164598,3.345315812801623e-4,3.345315812801623e-4,1.8029300079547284e-6,2.5999576670959756e-5,1.502441673295607e-7,14.500540021222596,77.10810798854808
TUR.81.6_1,2057,aegypti,0.002728468819656156,4.0945926983901814e-4,4.0945926983901814e-4,1.8968845889588692e-6,2.2348995305621067e-5,1.580737157558243e-7,12.982863409481213,81.11401218624096
TUR.81.6_1,2058,aegypti,0.002948637050329915,0.001510863451411448,0.001510863451411448,7.564148760019762e-6,2.4152377076221605e-5,6.303457300108987e-7,14.088600956560935,78.64990689805329
TUR.81.6_1,2059,aegypti,0.002827822930363717,0.0028301077567219695,0.0028301077567219695,1.3588368647732274e-5,2.316279797243137e-5,1.1323640540054451e-6,14.24117559508658,76.6667624558129
TUR.81.6_1,2060,aegypti,0.0029307476847988227,0.004921646740563106,0.004921646740563106,2.4248251170533308e-5,2.3971806456681472e-5,2.020689733271223e-6,13.815601848723258,76.87321069291413
TUR.81.6_1,2061,aegypti,0.002730846983618201,0.002836260420625457,0.002836260420625457,1.293371977251212e-5,2.236847469140139e-5,1.0778111180775873e-6,13.704951468270783,76.143381540489
TUR.81.6_1,2062,aegypti,0.002945326435503608,2.699284968761988e-5,2.699284968761988e-5,1.2316035002957193e-7,2.4125260101370838e-5,1.0263362817027518e-8,13.418401900094514,78.26909552466056
TUR.81.6_1,2063,aegypti,0.0032219466425146134,0.00676983903744572,0.00676983903744572,3.6977555050388133e-5,2.639103066304216e-5,3.081463845820235e-6,14.349539163869386,76.16903983008048
TUR.81.6_1,2064,aegypti,0.0029215782149018734,0.002984723900803665,0.002984723900803665,1.4737481706217359e-5,2.3896806564634627e-5,1.2281237806814154e-6,14.1676375102617,79.11581971696198
TUR.81.6_1,2065,aegypti,0.003033769672401022,5.653920008898833e-6,5.653920008898833e-6,2.911517460457702e-8,2.4849691121727375e-5,2.4262645503814184e-9,14.111832462908591,80.14492267818432
TUR.81.6_1,2066,aegypti,0.00296110645626667,1.524315628319583e-4,1.524315628319583e-4,7.654940155088497e-7,2.4254512951293883e-5,6.379116825513027e-8,13.746236009559794,81.37279870560944
TUR.81.6_1,2067,aegypti,0.00307111612501548,1.260529749402457e-4,1.260529749402457e-4,6.572912417679433e-7,2.5155592554273094e-5,5.477427014732861e-8,14.159255785904094,77.05474418849926
TUR.81.6_1,2068,aegypti,0.002951125952858855,2.551885097475186e-4,2.551885097475186e-4,1.0775391147133107e-6,2.4138486505916507e-5,8.979492747511013e-8,14.17669964150763,77.629052583885
TUR.81.6_1,2069,aegypti,0.00311917631746723,0.002271714642912071,0.002271714642912071,1.1795069007281e-5,2.5549249108506682e-5,9.829235230092899e-7,14.5037472676851,76.82512134761791
TUR.81.6_1,2070,aegypti,0.002915510234170127,0.005756272841838197,0.005756272841838197,2.848195434224099e-5,2.3881038000800325e-5,2.3734963569647474e-6,13.826428714555268,78.12548743139884
TUR.81.6_1,2071,aegypti,0.0030939347806386475,0.006776442842900118,0.006776442842900118,3.559741796843596e-5,2.5342498056440954e-5,2.9664514999231764e-6,14.612645370922252,74.8244305695214
TUR.81.6_1,2072,aegypti,0.0031271394411999847,2.4675542136796367e-4,2.4675542136796367e-4,1.3083159385862686e-6,2.5578153013405824e-5,1.0902632821552238e-7,14.124096754354005,76.34406227321605
TUR.81.6_1,2073,aegypti,0.0029504440663111657,0.002853248910443832,0.002853248910443832,1.3354297292766937e-5,2.4167178195764565e-5,1.1128615917492073e-6,14.054787241579856,76.07553397070548
TUR.81.6_1,2074,aegypti,0.003061903274635846,0.003582782453999966,0.003582782453999966,1.6936821825797033e-5,2.508013093580989e-5,1.4114077703334764e-6,14.616997861029471,78.88009049943268
TUR.81.6_1,2075,aegypti,0.002965578978343677,9.551127079714941e-6,9.551127079714941e-6,4.4999914461385515e-8,2.4291147007656406e-5,3.749992908789561e-9,13.74031166549699,78.73948202978751
