district_id,year,species,Lambda_import_year,p_ge1_major_year_mean,p_ge1_major_year_p2_5,p_ge1_major_year_p97_5,mean_q_import_year_mean,mean_q_import_year_p2_5,mean_q_import_year_p97_5,mean_p_month_major_mean,mean_p_month_major_p2_5,mean_p_month_major_p97_5,mean_p_est_year_mean,mean_p_est_year_p2_5,mean_p_est_year_p97_5,mean_temp_c_year,mean_rh_year
TUR.10.4_1,2025,aegypti,0.018330974880161683,9.291599711858113e-13,8.173017818080553e-13,1.0377448900200647e-12,1.5013878490477417e-4,1.5013878490477417e-4,1.5013878490477417e-4,7.74299975988176e-14,6.810848181733793e-14,8.647874083500538e-14,2.9853114998553326e-11,2.625825783660514e-11,3.334219104515294e-11,11.25774147442437,82.59211403038665
TUR.10.4_1,2026,aegypti,0.020861873926758666,3.8599931362348626e-11,3.3340077920662734e-11,4.394041241972957e-11,1.7086594509779784e-4,1.7086594509779784e-4,1.7086594509779784e-4,3.2166609468623855e-12,2.7783398267218947e-12,3.661701034977464e-12,1.3671872063636403e-9,1.1808891857423289e-9,1.5563478494388473e-9,12.653347005130604,78.06356292870208
TUR.10.4_1,2027,aegypti,0.01986016308077982,6.04925776137577e-13,5.306838302132632e-13,6.780159766961446e-13,1.6266234931059756e-4,1.6266234931059756e-4,1.6266234931059756e-4,5.041048134479809e-14,4.422365251777194e-14,5.650133139134539e-14,1.796974019585562e-11,1.577025200242647e-11,2.0135815700002743e-11,12.084069478824306,82.12509335981373
TUR.10.4_1,2028,aegypti,0.01889155900790684,5.372369216161133e-16,4.440892098500626e-16,5.551115123125783e-16,1.5451042071520926e-4,1.5451042071520926e-4,1.5451042071520926e-4,4.476974346800944e-17,3.700743415417188e-17,4.625929269271486e-17,1.6821895728232525e-14,1.4663964487127147e-14,1.9068311744400527e-14,12.151536239499418,80.23289734032318
TUR.10.4_1,2029,aegypti,0.01781064126756222,1.9586858879141465e-6,1.7714436927357413e-6,2.1372192205354467e-6,1.4587737748723387e-4,1.4587737748723387e-4,1.4587737748723387e-4,1.6322382399284557e-7,1.4762030772797847e-7,1.7810160171128723e-7,6.476947926353346e-5,5.8577781781778594e-5,7.067319414512663e-5,11.571021723128426,82.09587913658783
TUR.10.4_1,2030,aegypti,0.02104119040211249,2.5600015440829793e-11,2.285250877420708e-11,2.8604196788961642e-11,1.7233446444798553e-4,1.7233446444798553e-4,1.7233446444798553e-4,2.1333346200691493e-12,1.9043757311839235e-12,2.383683065746804e-12,8.467820411158419e-10,7.551938893679554e-10,9.468861643842825e-10,12.018559153690505,82.68236404564544
TUR.10.4_1,2031,aegypti,0.02012837858957809,2.9500208091626234e-7,2.632338400393452e-7,3.2548127316123223e-7,1.6485893046094824e-4,1.6485893046094824e-4,1.6485893046094824e-4,2.4583506743021862e-8,2.1936153336612105e-8,2.7123439430102683e-8,8.631794502069533e-6,7.702252029685718e-6,9.523619280559874e-6,12.263408753588367,81.00572067406341
TUR.10.4_1,2032,aegypti,0.017778870982116418,2.5742830089825476e-13,2.258138120936337e-13,2.897820872149736e-13,1.4541071499713878e-4,1.4541071499713878e-4,1.4541071499713878e-4,2.1452358408187894e-14,1.8817817674469477e-14,2.4148507267914472e-14,1.0140550704695883e-11,8.893723720445243e-12,1.141668889056054e-11,11.321999185596473,83.34326924787526
TUR.10.4_1,2033,aegypti,0.020470877511147526,2.556954648014198e-15,2.3314683517128287e-15,2.7755575615628914e-15,1.676638559880983e-4,1.676638559880983e-4,1.676638559880983e-4,2.1307955400118318e-16,1.942890293094024e-16,2.312964634635743e-16,8.310050795638328e-14,7.531914906581486e-14,9.147590092813591e-14,12.090877769703237,81.70063390241627
TUR.10.4_1,2034,aegypti,0.020837806217417817,2.538765804287468e-7,2.3070869802632731e-7,2.791024673098885e-7,1.7066884145512198e-4,1.7066884145512198e-4,1.7066884145512198e-4,2.115638170239557e-8,1.922572483552728e-8,2.325853894249071e-8,7.175555045010449e-6,6.5207391939136236e-6,7.88853822061957e-6,12.198136015052167,81.62732241458261
TUR.10.4_1,2035,aegypti,0.02015741737404409,1.397104654188297e-15,1.2212453270876722e-15,1.5543122344752192e-15,1.6509674652998943e-4,1.6509674652998943e-4,1.6509674652998943e-4,1.1642538784902475e-16,1.0177044392397268e-16,1.295260195396016e-16,4.853752585039691e-14,4.271559957598943e-14,5.5244466408884325e-14,11.97449657650249,81.1122626255608
TUR.10.4_1,2036,aegypti,0.022305577126221717,1.1879386363489175e-14,1.0544343176377425e-14,1.354472090042691e-14,1.824301098293605e-4,1.824301098293605e-4,1.824301098293605e-4,9.899488636240978e-16,8.786952646981187e-16,1.1287267417022424e-15,3.7272246400377185e-13,3.2927202631150014e-13,4.244847529033535e-13,13.36302649310685,81.32179377383554
TUR.10.4_1,2037,aegypti,0.02221804240087016,1.0892467365552494e-5,1.0058432207452061e-5,1.175787411833995e-5,1.8197227922857792e-4,1.8197227922857792e-4,1.8197227922857792e-4,9.077056181352831e-7,8.382026879377261e-7,9.798228474520072e-7,2.887641813103263e-4,2.666551119598693e-4,3.11702600517888e-4,13.86988756389873,80.50319661603932
TUR.10.4_1,2038,aegypti,0.02052274664436336,1.6243315387609593e-7,1.466419996404289e-7,1.7997987306894725e-7,1.6808864210702637e-4,1.6808864210702637e-4,1.6808864210702637e-4,1.3536096156341327e-8,1.2220166636702407e-8,1.4998322755745606e-8,4.661481573075333e-6,4.208309434505093e-6,5.165034656031779e-6,12.28173581094997,81.68036768740976
TUR.10.4_1,2039,aegypti,0.02268007797253915,7.548104363763741e-13,6.665723528698208e-13,8.428951980832267e-13,1.8575608479818687e-4,1.8575608479818687e-4,1.8575608479818687e-4,6.290086969803117e-14,5.554769607248507e-14,7.024126650693555e-14,1.9627676114038667e-11,1.733527118149188e-11,2.1916172117849204e-11,13.127686275357572,80.00668261355722
TUR.10.4_1,2040,aegypti,0.019232529698652655,3.7230729045267808e-9,3.2895467044768978e-9,4.154828056601722e-9,1.5729890393674043e-4,1.5729890393674043e-4,1.5729890393674043e-4,3.1025607537723175e-10,2.741288920397415e-10,3.462356713834769e-10,1.3557383187962994e-7,1.197871677153147e-7,1.512960419204623e-7,12.12288662127114,81.35170926557545
TUR.10.4_1,2041,aegypti,0.022978314059910587,1.1002310174035301e-16,1.1102230246251565e-16,1.1102230246251565e-16,1.8819845812874844e-4,1.8819845812874844e-4,1.8819845812874844e-4,9.168591811696084e-18,9.25185853854297e-18,9.25185853854297e-18,1.7096139319032015e-15,1.4802973661668755e-15,1.9521421516325668e-15,13.09170783888754,81.78951253400807
TUR.10.4_1,2042,aegypti,0.02191467845713455,6.682154557124953e-9,6.0367071091915746e-09,7.419093575600222e-9,1.7948789413526253e-4,1.7948789413526253e-4,1.7948789413526253e-4,5.56846213093746e-10,5.030589257659646e-10,6.182577979666852e-10,2.1263935936365515e-7,1.9199834018028086e-7,2.3612656292285963e-7,12.243462238028217,81.34447659955983
TUR.10.4_1,2043,aegypti,0.019879078555338655,1.1340151040428737e-14,9.992007221626409e-15,1.2878587085651816e-14,1.6281725990271076e-4,1.6281725990271076e-4,1.6281725990271076e-4,9.450125867023946e-16,8.326672684688674e-16,1.0732155904709846e-15,3.9897116166365263e-13,3.534205335794146e-13,4.5224819259874017e-13,11.600983625466196,83.3414852411207
TUR.10.4_1,2044,aegypti,0.0211162479733508,3.819948175313725e-6,3.4468958695882404e-6,4.202312055509582e-6,1.7270392964355286e-4,1.7270392964355286e-4,1.7270392964355286e-4,3.183290146094771e-7,2.872413224656867e-7,3.501926712924652e-7,1.0669463089102087e-4,9.627492185366089e-5,1.1737442408254658e-4,12.397740392202703,78.66411516970956
TUR.10.4_1,2045,aegypti,0.02192611113165684,6.689737652720851e-14,5.961620086480933e-14,7.438494264988549e-14,1.7958152162628194e-4,1.7958152162628194e-4,1.7958152162628194e-4,5.5747813772673756e-15,4.968016738734112e-15,6.198745220823791e-15,2.0955253180835836e-12,1.864526588679638e-12,2.3308852533284375e-12,12.954491447224784,80.09505516197845
TUR.10.4_1,2046,aegypti,0.02224964781584731,1.2293896382706282e-5,1.1186730928727796e-5,1.3401340219507117e-5,1.8223110991862543e-4,1.8223110991862543e-4,1.8223110991862543e-4,1.0244913652255236e-6,9.322275773939828e-7,1.1167783516255933e-6,3.254271810682645e-4,2.9611964624791994e-4,3.5474210866766445e-4,13.804312917902635,79.27783892459237
TUR.10.4_1,2047,aegypti,0.022099727356095597,1.7820955944774618e-5,1.6415954356535643e-5,1.9230263688971293e-5,1.8100334443800956e-4,1.8100334443800956e-4,1.8100334443800956e-4,1.4850796620738034e-6,1.3679961963872224e-6,1.602521974090193e-6,4.749334075835192e-4,4.374894114201423e-4,5.12492201410401e-4,12.903374128852851,79.55367269025807
TUR.10.4_1,2048,aegypti,0.023003821020401882,2.465767637721935e-4,2.374626578528327e-4,2.5583573384972414e-4,1.881402078917719e-4,1.881402078917719e-4,1.881402078917719e-4,2.0548063647682794e-5,1.978855482106939e-5,2.131964448747701e-5,0.0063227607990402,0.006089027423669288,0.006560210886057534,13.19078520269649,80.62452910250985
TUR.10.4_1,2049,aegypti,0.020869696886822248,4.791034236006908e-14,4.218569937819439e-14,5.440370376419423e-14,1.7093001158926166e-4,1.7093001158926166e-4,1.7093001158926166e-4,3.992528530005757e-15,3.5154749481828654e-15,4.5336419803495195e-15,1.352042561242328e-12,1.1914298251684369e-12,1.533850592834914e-12,12.494356317633954,81.9372137974358
TUR.10.4_1,2050,aegypti,0.021320832830385796,4.369702377715612e-10,3.906692636057585e-10,4.853442925334406e-10,1.7462460223487594e-4,1.7462460223487594e-4,1.7462460223487594e-4,3.641418648096343e-11,3.2555771967146535e-11,4.0445357711120046e-11,1.213009344015285e-8,1.0852184630557224e-8,1.3465208037466426e-8,12.92781553746717,80.51815022932057
TUR.10.4_1,2051,aegypti,0.02199202798200411,1.084668244111242e-9,9.661153516082876e-10,1.2037263741326852e-9,1.8012134518819814e-4,1.8012134518819814e-4,1.8012134518819814e-4,9.03890203426035e-11,8.050961263402396e-11,1.0031053117772378e-10,2.93971761230379e-8,2.622995075145703e-8,3.2565856977288346e-8,12.447550141130455,80.22266346123382
TUR.10.4_1,2052,aegypti,0.021266523312484974,1.4123075686783726e-5,1.3059482920546595e-5,1.5331480801000775e-5,1.7393286791636542e-4,1.7393286791636542e-4,1.7393286791636542e-4,1.1769229738986438e-6,1.0882902433788828e-6,1.2776234000833978e-6,3.9168495388078935e-4,3.621874085820875e-4,4.2519873268722687e-4,12.584206137373615,81.70499282982513
TUR.10.4_1,2053,aegypti,0.022106796399317504,2.133564769302154e-11,1.9013721153093854e-11,2.361242312787226e-11,1.8106123602305382e-4,1.8106123602305382e-4,1.8106123602305382e-4,1.7779706410851285e-12,1.5844767627578211e-12,1.967701927322688e-12,5.793319881967444e-10,5.166999608267424e-10,6.403438890245637e-10,13.167613797698982,80.21398725019459
TUR.10.4_1,2054,aegypti,0.021637589066723143,1.2437134395759663e-7,1.1209790423127864e-7,1.3732752813244708e-7,1.772186771332914e-4,1.772186771332914e-4,1.772186771332914e-4,1.0364278663133054e-8,9.341492019273221e-9,1.1443960677703923e-8,3.3852928158933465e-6,3.0512191718667467e-6,3.7379502435099893e-6,12.85984369448281,81.38191085961029
TUR.10.4_1,2055,aegypti,0.0212472092917095,9.9989900759212e-10,8.909499221720906e-10,1.1197152954833812e-9,1.7402166123415644e-4,1.7402166123415644e-4,1.7402166123415644e-4,8.332491729934333e-11,7.424582684767422e-11,9.330960795694842e-11,2.7716539240912884e-8,2.4696542508251263e-8,3.103776774736795e-8,12.264643468771942,80.91435740298593
TUR.10.4_1,2056,aegypti,0.023513204922980546,5.12829064769349e-10,4.50480824865096e-10,5.7101326444986e-10,1.923058234644485e-4,1.923058234644485e-4,1.923058234644485e-4,4.273575539744575e-11,3.7540068738758004e-11,4.7584438704155005e-11,1.286357898615716e-8,1.1299664399768334e-8,1.4323047095819256e-8,13.506800048862464,79.49361727542245
TUR.10.4_1,2057,aegypti,0.020183030507605247,6.907081405715943e-10,6.149704551150493e-10,7.712026156569961e-10,1.6530650783009673e-4,1.6530650783009673e-4,1.6530650783009673e-4,5.755901171429952e-11,5.12475379262541e-11,6.426688463808301e-11,2.0162649788685315e-8,1.795218474293092e-8,2.2511339269754018e-8,11.722047225450046,83.35998143659596
TUR.10.4_1,2058,aegypti,0.02181165902059443,1.6793953795460892e-6,1.5084921908326e-6,1.8430173395422856e-6,1.78644219585448e-4,1.78644219585448e-4,1.78644219585448e-4,1.399496149621741e-7,1.2570768256938332e-7,1.5358477829519045e-7,4.534708364730529e-5,4.0732347138329925e-5,4.976521258953717e-5,13.30204035174307,80.34041235751474
TUR.10.4_1,2059,aegypti,0.020917972770100813,6.332916749785733e-5,5.9586271668132795e-5,6.712216534335291e-5,1.7132536905346366e-4,1.7132536905346366e-4,1.7132536905346366e-4,5.277430624842687e-6,4.96552263902957e-6,5.593513778631477e-6,0.0017831287283706862,0.0016777386342650136,0.0018899298609656695,12.420829150393176,81.23531649417245
TUR.10.4_1,2060,aegypti,0.02167932779962734,1.3582676274812266e-4,1.2901165162757522e-4,1.4274336011370903e-4,1.7730873719042547e-4,1.7730873719042547e-4,1.7730873719042547e-4,1.1318897292571508e-5,1.0750971349524537e-5,1.189528045155777e-5,0.0036957542417168547,0.0035103196766602387,0.0038839685700033494,12.802069133335916,80.37156031436288
TUR.10.4_1,2061,aegypti,0.020200622262897542,1.0863024030377532e-5,9.796044461368724e-6,1.1983942097693045e-5,1.6545057722741618e-4,1.6545057722741618e-4,1.6545057722741618e-4,9.052520032325022e-7,8.163370390864659e-7,9.986618422969108e-7,3.167224892059349e-4,2.8561395185303415e-4,3.4940402896897993e-4,12.072583549533851,81.57179123070404
TUR.10.4_1,2062,aegypti,0.0217871697394427,4.260870573591369e-9,3.826941250006932e-9,4.7731965047148606e-9,1.7844366524097377e-4,1.7844366524097377e-4,1.7844366524097377e-4,3.5507254779928074e-10,3.1891177083391103e-10,3.9776637539290505e-10,1.3407422286209242e-7,1.2006063569713898e-7,1.5054451323557687e-7,12.755454205785759,80.97219584292733
TUR.10.4_1,2063,aegypti,0.02383338483154948,4.1981324514413385e-5,3.846444493882939e-5,4.5355216903220084e-5,1.9520093327518584e-4,1.9520093327518584e-4,1.9520093327518584e-4,3.4984437102031454e-6,3.2053704121434248e-6,3.7796014093411287e-6,0.0010374439811019064,9.505330380494008e-4,0.0011208215332990186,13.285780145043699,80.08597363935475
TUR.10.4_1,2064,aegypti,0.02161149939369671,1.0398105881626041e-7,9.369267988390551e-8,1.1543418521053893e-7,1.7675404490900362e-4,1.7675404490900362e-4,1.7675404490900362e-4,8.665088253201336e-9,7.80772334216251e-9,9.619515452715294e-9,2.8487290668106437e-6,2.5682952361251454e-6,3.161175614788356e-6,12.904704136962263,83.29206774539315
TUR.10.4_1,2065,aegypti,0.02244140208237152,6.844867372901575e-11,6.173724864666496e-11,7.528296042114134e-11,1.8380146858462676e-4,1.8380146858462676e-4,1.8380146858462676e-4,5.704056144084646e-12,5.144770720555414e-12,6.273580035095113e-12,1.835925304468263e-9,1.6605302989118147e-9,2.014672655324216e-9,13.680283579542804,80.53984059797291
TUR.10.4_1,2066,aegypti,0.02190389771455354,2.1142352999761738e-4,2.0435406974425862e-4,2.191778697146568e-4,1.7939960560905965e-4,1.7939960560905965e-4,1.7939960560905965e-4,1.7618627499801448e-5,1.7029505812021552e-5,1.8264822476221396e-5,0.005685420447079755,0.005495294962122639,0.005893966161821078,12.998796108677555,83.32582272993092
TUR.10.4_1,2067,aegypti,0.022717661274720812,7.619248565404746e-13,6.770001226286126e-13,8.568895593086268e-13,1.8606386970633956e-4,1.8606386970633956e-4,1.8606386970633956e-4,6.349373804503955e-14,5.641667688571772e-14,7.14074632757189e-14,1.975301566758958e-11,1.7551080033761936e-11,2.221636370240236e-11,13.227474444423683,81.38741673933033
TUR.10.4_1,2068,aegypti,0.02183006993125251,8.630868935100011e-10,7.71015257194918e-10,9.622106417195297e-10,1.7854148636749687e-4,1.7854148636749687e-4,1.7854148636749687e-4,7.192390779250009e-11,6.425127143290983e-11,8.018422014329415e-11,2.7689231441844577e-8,2.4735423063508104e-8,3.0869285697759926e-8,13.124037204498617,80.85209264265065
TUR.10.4_1,2069,aegypti,0.02307317214714386,8.143333088604931e-7,7.336083099468427e-7,9.06831599564728e-7,1.8897528711269337e-4,1.8897528711269337e-4,1.8897528711269337e-4,6.786110907170776e-8,6.113402582890355e-8,7.556929996372733e-8,2.0786582085196284e-5,1.8726003342501667e-5,2.3147664158717586e-5,13.51135628751374,78.89603255099618
TUR.10.4_1,2070,aegypti,0.021566613324504307,1.3915127665053428e-5,1.2732902991183237e-5,1.5184814562244076e-5,1.7663742202721674e-4,1.7663742202721674e-4,1.7663742202721674e-4,1.1595939720877857e-6,1.0610752492652697e-6,1.2654012135203396e-6,3.800082390058524e-4,3.477226534486665e-4,4.1468237748377523e-4,12.91664934487598,81.49115552412037
TUR.10.4_1,2071,aegypti,0.022886455442082034,7.01596775484046e-4,6.926404016031673e-4,7.105441798023887e-4,1.87446192284881e-4,1.87446192284881e-4,1.87446192284881e-4,5.846639795700383e-5,5.772003346693061e-5,5.9212014983532395e-5,0.01806118287113272,0.017830539081485602,0.018291597226441993,12.826650265171695,80.7217342645582
TUR.10.4_1,2072,aegypti,0.023132076968806536,1.68361304564435e-10,1.5015073628887877e-10,1.8886612829227546e-10,1.891890551830866e-4,1.891890551830866e-4,1.891890551830866e-4,1.4030108713702916e-11,1.2512561357406563e-11,1.5738844024356285e-11,4.292690883071308e-9,3.828376581258934e-9,4.8154999279792495e-9,12.867303434326816,81.86614408002858
TUR.10.4_1,2073,aegypti,0.021825025879843314,6.0544583350418125e-6,5.4956928809274386e-6,6.603445458894241e-6,1.7875368711956866e-4,1.7875368711956866e-4,1.7875368711956866e-4,5.0453820942864e-7,4.579744200185198e-7,5.502871382088992e-7,1.6353243230352385e-4,1.4845162844885697e-4,1.783512619684071e-4,12.845009548777906,80.32284090823495
TUR.10.4_1,2074,aegypti,0.02264951197466849,1.0757808814245595e-5,9.909254736489848e-6,1.1633953265130503e-5,1.8550576736201899e-4,1.8550576736201899e-4,1.8550576736201899e-4,8.964840678537996e-7,8.257712280408206e-7,9.694961054275417e-7,2.797383794084381e-4,2.5767307325717294e-4,3.025211437802944e-4,13.12341517042574,81.1707686375237
TUR.10.4_1,2075,aegypti,0.02193698185642676,2.0533058553429128e-10,1.8108253785342754e-10,2.311953267719602e-10,1.796705470400358e-4,1.796705470400358e-4,1.796705470400358e-4,1.7110882127857606e-11,1.509021148778563e-11,1.9266277230996682e-11,6.541371161739029e-9,5.767982050551105e-9,7.3658039329941675e-9,12.926865009779302,81.91435231672291
TUR.39.3_1,2025,albopictus,0.001436341911071214,3.1562059632506135e-12,2.8796937057151693e-12,3.450847940733581e-12,1.1765204091962467e-5,1.1765204091962467e-5,1.1765204091962467e-5,2.630171636042178e-13,2.3997447547626413e-13,2.875706617277984e-13,1.3778595208217373e-9,1.2606076298567654e-9,1.5062706748558694e-9,11.69362138508472,61.71530329458402
TUR.39.3_1,2026,albopictus,0.0016346530427531183,2.9254798583622233e-13,2.599004345071876e-13,3.2974456498635616e-13,1.338957576242176e-5,1.338957576242176e-5,1.338957576242176e-5,2.4378998819685194e-14,2.1658369542265633e-14,2.7478713748863014e-14,1.1347466138030467e-10,1.0118809378364033e-10,1.2780112084350333e-10,12.900305245555572,55.42583293986804
TUR.39.3_1,2027,albopictus,0.0015561629853360888,2.706294077725602e-12,2.4675900212045573e-12,2.9547475577373916e-12,1.2746662007706577e-5,1.2746662007706577e-5,1.2746662007706577e-5,2.2552450647713349e-13,2.0563250176704647e-13,2.4622896314478265e-13,1.151299379387183e-9,1.046551156846931e-9,1.2582009570790327e-9,12.293482306586833,63.70434970927722
TUR.39.3_1,2028,albopictus,0.0014802670423108555,2.0831943947641206e-12,1.8311768767986793e-12,2.3332780152429677e-12,1.210780289467861e-5,1.210780289467861e-5,1.210780289467861e-5,1.7359953289701007e-13,1.5259807306655657e-13,1.9443983460358062e-13,8.357731999345901e-10,7.352420593650006e-10,9.354390301715327e-10,11.693548525857063,64.12285474213448
TUR.39.3_1,2029,albopictus,0.00139557064929154,3.031580053658445e-11,2.697726209088813e-11,3.3947958333335744e-11,1.1431245246273924e-5,1.1431245246273924e-5,1.1431245246273924e-5,2.5263167113820373e-12,2.2481051742406775e-12,2.828996527777979e-12,1.2800266639597288e-8,1.1391932547288875e-8,1.433390015038542e-8,10.961031367865337,65.57761561147855
TUR.39.3_1,2030,albopictus,0.0016487035649201092,6.274229802372133e-12,5.486328058523781e-12,7.17987058695968e-12,1.350466384300586e-5,1.350466384300586e-5,1.350466384300586e-5,5.228524835310111e-13,4.571940048769818e-13,5.983225489133067e-13,2.274224669631305e-9,1.991204801043978e-9,2.5970540005563574e-9,13.433729010807605,58.3459871935098
TUR.39.3_1,2031,albopictus,0.0015771792803779402,5.544660097722698e-11,4.941620446174966e-11,6.198517810140913e-11,1.291880698034431e-5,1.291880698034431e-5,1.291880698034431e-5,4.620550081435582e-12,4.118017038479138e-12,5.165431508450761e-12,2.070677792092209e-8,1.8454704241397763e-8,2.3148377538417807e-8,12.5053898672135,60.665658824369174
TUR.39.3_1,2032,albopictus,0.0013930812567299973,6.371035699004324e-12,5.7054111435306256e-12,7.084122177758445e-12,1.1394673836031174e-5,1.1394673836031174e-5,1.1394673836031174e-5,5.309196415836937e-13,4.754509286275521e-13,5.903435148132037e-13,2.7793419599964064e-9,2.4944753859723614e-9,3.083699757118937e-9,11.5735536247364,64.7545368201781
TUR.39.3_1,2033,albopictus,0.0016040161266866037,4.266274555853044e-12,3.7719688483761615e-12,4.803202280356799e-12,1.3138628177672418e-5,1.3138628177672418e-5,1.3138628177672418e-5,3.555228796544204e-13,3.1433073736468014e-13,4.002668566964e-13,1.8396651638719064e-9,1.6244741098588497e-9,2.0740271516421025e-9,12.965139779435725,59.45144704254952
TUR.39.3_1,2034,albopictus,0.0016327671932630753,3.164803641375613e-11,2.786430808310314e-11,3.591498765054268e-11,1.3374128734052379e-5,1.3374128734052379e-5,1.3374128734052379e-5,2.637336367813011e-12,2.3220256735919284e-12,2.992915637545224e-12,1.1428509933714137e-8,1.0063210037029406e-8,1.2967176650271102e-8,12.515888577190173,59.57329737417386
TUR.39.3_1,2035,albopictus,0.0015794546434422482,4.229400829558471e-12,3.718114705009157e-12,4.76532147075659e-12,1.2937444531282058e-5,1.2937444531282058e-5,1.2937444531282058e-5,3.5245006912987267e-13,3.098428920840964e-13,3.971101225630491e-13,1.8535211716759943e-9,1.628987826805354e-9,2.0921468687114718e-9,12.843555845804147,61.02848358226306
TUR.39.3_1,2036,albopictus,0.0017477758540652734,5.28798460575075e-12,4.676414810944607e-12,5.917999423843412e-12,1.4295865891245096e-5,1.4295865891245096e-5,1.4295865891245096e-5,4.4066538381256256e-13,3.897012342453839e-13,4.931666186536176e-13,2.043513053652986e-9,1.7978167091610895e-9,2.2888188390875658e-9,13.436554529256753,63.18524236751086
TUR.39.3_1,2037,albopictus,0.0017409169829185668,1.8433847226440036e-11,1.630134638386238e-11,2.078702210361882e-11,1.4259985238564607e-5,1.4259985238564607e-5,1.4259985238564607e-5,1.5361539355366698e-12,1.3584455319885317e-12,1.7322518419682353e-12,6.247579258008192e-9,5.527313354467915e-9,7.044826942405786e-9,12.925764186170829,62.57412357402331
TUR.39.3_1,2038,albopictus,0.0016080803846115583,2.3464143950047145e-10,2.0914492360191161e-10,2.648920360837081e-10,1.317191859875888e-5,1.317191859875888e-5,1.317191859875888e-5,1.9553453291705953e-11,1.7428743633492633e-11,2.2074336340309012e-11,8.660213085870394e-8,7.722126614655618e-8,9.777855054538911e-8,12.399435354259742,61.454127821052936
TUR.39.3_1,2039,albopictus,0.0017771202432651906,3.4542894100653145e-12,3.121292113661411e-12,3.823430461125099e-12,1.455652647198528e-5,1.455652647198528e-5,1.455652647198528e-5,2.878574508387762e-13,2.6010767613845095e-13,3.186192050937582e-13,1.2684872101135595e-9,1.1462769071897879e-9,1.4059226780456975e-9,13.892484881467752,58.636703046883014
TUR.39.3_1,2040,albopictus,0.0015069841425614883,7.248190936337551e-13,6.283640274773461e-13,8.18725642837137e-13,1.2326333132084422e-5,1.2326333132084422e-5,1.2326333132084422e-5,6.040159113614626e-14,5.236366895644551e-14,6.822713690309474e-14,3.273041230637356e-10,2.824066647200141e-10,3.7112657252924567e-10,12.117548756785325,60.9078711199014
TUR.39.3_1,2041,albopictus,0.0018004888308327336,3.1405493761127445e-12,2.7607693908748846e-12,3.526595682146194e-12,1.4747938731139257e-5,1.4747938731139257e-5,1.4747938731139257e-5,2.6171244800939536e-13,2.3006411590624033e-13,2.9388297351218284e-13,1.0296819193122975e-9,9.055875586453747e-10,1.1557602109154202e-9,14.003349957850707,59.08041146668282
TUR.39.3_1,2042,albopictus,0.0017171465970256226,8.354775204999498e-12,7.432957027653231e-12,9.38210897860614e-12,1.4065281737788796e-5,1.4065281737788796e-5,1.4065281737788796e-5,6.962312670832915e-13,6.194130856377692e-13,7.81842414883845e-13,3.2198588119739896e-9,2.8508846179609025e-9,3.6179893516304533e-9,13.585031706081958,57.441784732267124
TUR.39.3_1,2043,albopictus,0.0015576451263053647,1.0225157387466766e-12,9.041462023517965e-13,1.1658618515042462e-12,1.2758802260759428e-5,1.2758802260759428e-5,1.2758802260759428e-5,8.520964489555639e-14,7.5345516862649706e-14,9.715515429202053e-14,3.923573530887718e-10,3.472370740479717e-10,4.465744087023271e-10,12.638662723687423,58.47700742157784
TUR.39.3_1,2044,albopictus,0.0016545847761496042,2.2183477277337714e-13,1.9561574582382946e-13,2.5068835896036035e-13,1.353361891351379e-5,1.353361891351379e-5,1.353361891351379e-5,1.8486231064448095e-14,1.630131215198579e-14,2.0890696580030028e-14,8.556734979829155e-11,7.543552403103486e-11,9.649209556372718e-11,12.981938687947524,59.7338323918232
TUR.39.3_1,2045,albopictus,0.001718042415697535,6.842655664307529e-12,6.094494353625635e-12,7.686187797339984e-12,1.4072619399507769e-5,1.4072619399507769e-5,1.4072619399507769e-5,5.702213053589607e-13,5.078745294688029e-13,6.405156497783318e-13,2.4313962020220775e-9,2.1755153701656183e-9,2.723306713470208e-9,13.23839379895442,61.49997889272855
TUR.39.3_1,2046,albopictus,0.0017433934568892777,2.797051190661648e-11,2.4908006213131273e-11,3.129806691593018e-11,1.4280270062477785e-5,1.4280270062477785e-5,1.4280270062477785e-5,2.33087599221804e-12,2.0756671844276062e-12,2.6081722429941816e-12,1.0028523948019119e-8,8.972254440335152e-9,1.119224943997114e-8,12.999935326960815,63.42318490418282
TUR.39.3_1,2047,albopictus,0.0017316462889903409,1.0885748413791418e-11,9.507941656217156e-12,1.2461962017873416e-11,1.4184048884480216e-5,1.4184048884480216e-5,1.4184048884480216e-5,9.071457011492848e-13,7.923284713514297e-13,1.0384968348227848e-12,3.743235432377793e-9,3.275911578578169e-9,4.279566266871908e-9,13.571092858152719,55.90630232565091
TUR.39.3_1,2048,albopictus,0.0018024874542893253,2.313554015032082e-12,1.9562074182744028e-12,2.764791173781589e-12,1.4743373571786863e-5,1.4743373571786863e-5,1.4743373571786863e-5,1.9279616791934018e-13,1.6301728485620022e-13,2.3039926448179907e-13,7.591366786574571e-10,6.425833596705269e-10,9.068232646273581e-10,13.716604506459964,57.81870686285184
TUR.39.3_1,2049,albopictus,0.0016352660186303653,4.845966961042337e-13,4.1433245723254685e-13,5.61678481503236e-13,1.3394596659203431e-5,1.3394596659203431e-5,1.3394596659203431e-5,4.0383058008686134e-14,3.45277047693789e-14,4.680654012526967e-14,1.753568696731082e-10,1.5006833900543802e-10,2.0314187068604105e-10,12.727301929629974,62.14832007162259
TUR.39.3_1,2050,albopictus,0.0016706152276913765,2.663694942395267e-11,2.4126112219136074e-11,2.927739439773092e-11,1.3684142637980049e-5,1.3684142637980049e-5,1.3684142637980049e-5,2.2197457853293893e-12,2.0105093515946727e-12,2.4397828664775763e-12,1.0728440368423798e-8,9.691997407644075e-9,1.184118414524852e-8,12.963118377315135,57.723393949592975
TUR.39.3_1,2051,albopictus,0.0017232073965792695,2.042773605825943e-11,1.8188786587991504e-11,2.3022719841669926e-11,1.411492581985622e-5,1.411492581985622e-5,1.411492581985622e-5,1.7023113381882856e-12,1.5157322156659584e-12,1.918559986805827e-12,7.27815433386921e-9,6.499823808116719e-9,8.189097486233089e-9,13.709981856730712,57.39308535329984
TUR.39.3_1,2052,albopictus,0.0016663597509782727,2.0890082297331248e-10,1.8468218898615165e-10,2.3448180619389803e-10,1.3629931163448386e-5,1.3629931163448386e-5,1.3629931163448386e-5,1.7408401914442705e-11,1.5390182415512635e-11,1.9540150516158166e-11,7.397886474385293e-8,6.54062170269328e-8,8.303138848790117e-8,12.85194081364784,62.297256661181514
TUR.39.3_1,2053,albopictus,0.0017322001909577582,2.8629637882637838e-11,2.5860427688151332e-11,3.16452308801729e-11,1.4188585901658834e-5,1.4188585901658834e-5,1.4188585901658834e-5,2.3858031568864866e-12,2.155035640679278e-12,2.637102573347742e-12,1.1412089936019276e-8,1.0296189498909535e-8,1.2632123302473245e-8,13.267478513704868,62.215483221138385
TUR.39.3_1,2054,albopictus,0.0016954349800951014,1.2325784837230458e-12,1.0856648913204482e-12,1.3783585384175012e-12,1.3887441599173359e-5,1.3887441599173359e-5,1.3887441599173359e-5,1.0271487364358714e-13,9.047207427670399e-14,1.1486321153479177e-13,4.6300049906059885e-10,4.0963587313869175e-10,5.156102755402939e-10,13.197838011060787,58.40382626923409
TUR.39.3_1,2055,albopictus,0.001664846381520703,6.715883471564155e-11,6.074967751068528e-11,7.430100146255115e-11,1.3636889926403143e-5,1.3636889926403143e-5,1.3636889926403143e-5,5.5965695596367955e-12,5.06247312589044e-12,6.191750121879262e-12,2.4224842221060028e-8,2.1942014764853023e-8,2.6764889427451553e-8,12.924624515560401,61.123104286913936
TUR.39.3_1,2056,albopictus,0.0018424007405647086,2.327208648011947e-12,1.9687418362224206e-12,2.70235223087667e-12,1.5069839882420055e-5,1.5069839882420055e-5,1.5069839882420055e-5,1.9393405400099558e-13,1.6406181968520172e-13,2.2519601923972252e-13,7.452892180811096e-10,6.305577074372515e-10,8.653562269533843e-10,14.011743483927978,60.033695889239375
TUR.39.3_1,2057,albopictus,0.0015814615861961534,1.3147534494439838e-10,1.1763589269353503e-10,1.4470904197150245e-10,1.2953883445012323e-5,1.2953883445012323e-5,1.2953883445012323e-5,1.0956278745366532e-11,9.802991057794587e-12,1.205908683095854e-11,5.0664730453314766e-8,4.5460358340706125e-8,5.551894067049034e-8,12.7176941017182,59.868858528857295
TUR.39.3_1,2058,albopictus,0.0017090744058123962,3.3721701875322195e-11,2.872431181799584e-11,3.9133268847635346e-11,1.399916231806242e-5,1.399916231806242e-5,1.399916231806242e-5,2.8101418229435165e-12,2.3936926514996534e-12,3.2611057373029456e-12,1.1626060255898184e-8,9.903149558963357e-9,1.3490612472966123e-8,13.029509374734891,63.69450556509183
TUR.39.3_1,2059,albopictus,0.0016390487238547352,2.0537945466525543e-10,1.8140370594554869e-10,2.3151449368707942e-10,1.3425580867273043e-5,1.3425580867273043e-5,1.3425580867273043e-5,1.7114954555437952e-11,1.5116975495462388e-11,1.9292874473923284e-11,7.380044710266395e-8,6.518525156711437e-8,8.31916575604515e-8,12.694336881724132,62.05497919790433
TUR.39.3_1,2060,albopictus,0.001698705460349274,1.6971580807378928e-11,1.5256668151053532e-11,1.8753160135887013e-11,1.3894499661354365e-5,1.3894499661354365e-5,1.3894499661354365e-5,1.4142984006149107e-12,1.2713890125877944e-12,1.5627633446572511e-12,6.770850878995427e-9,6.081952047080434e-9,7.498411503057782e-9,13.266254522390298,57.964357885445025
TUR.39.3_1,2061,albopictus,0.001582840005815449,2.8324501410992295e-10,2.5128775171801006e-10,3.1800887201338667e-10,1.2965174111275365e-5,1.2965174111275365e-5,1.2965174111275365e-5,2.3603751175826915e-11,2.0940645976500845e-11,2.650073933444889e-11,1.2481975492841432e-7,1.1069411426969008e-7,1.401757882338317e-7,12.815626738456023,58.88308957489815
TUR.39.3_1,2062,albopictus,0.0017071555236405425,3.2121489024206085e-11,2.922682096340168e-11,3.500178757942507e-11,1.3983444729331884e-5,1.3983444729331884e-5,1.3983444729331884e-5,2.6767907520171736e-12,2.4355684136168063e-12,2.9168156316187555e-12,1.2157638952995746e-8,1.1061394438599548e-8,1.3270734482151436e-8,12.85369052289638,62.447973760689166
TUR.39.3_1,2063,albopictus,0.0018674887582379104,1.355249901191513e-11,1.175197439362563e-11,1.5702986133625528e-11,1.5296735358734843e-5,1.5296735358734843e-5,1.5296735358734843e-5,1.1293749176595943e-12,9.793311994688027e-13,1.3085821778021275e-12,4.277171608659443e-9,3.709318065666286e-9,4.955135078643647e-9,14.197085934864612,54.4165381120889
TUR.39.3_1,2064,albopictus,0.001693390697613728,7.772377064174662e-11,6.978289890380296e-11,8.583913302384615e-11,1.3851028096090179e-5,1.3851028096090179e-5,1.3851028096090179e-5,6.4769808868122185e-12,5.815241575316913e-12,7.153261085320513e-12,3.2071329774248834e-8,2.879257717687082e-8,3.542959420404131e-8,12.999619442211719,62.710772228961055
TUR.39.3_1,2065,albopictus,0.0017584185546506363,4.241066053900511e-12,3.6770336775404646e-12,4.8849257971994575e-12,1.4403340783675223e-5,1.4403340783675223e-5,1.4403340783675223e-5,3.534221711583759e-13,3.06419473128372e-13,4.0707714976662146e-13,1.4344879554761824e-9,1.2441669368368213e-9,1.6507386578027786e-9,13.360287505375476,63.684491984769565
TUR.39.3_1,2066,albopictus,0.0017163018611344434,3.0400154257259616e-9,2.711458305104664e-9,3.408600302012843e-9,1.4058362495729856e-5,1.4058362495729856e-5,1.4058362495729856e-5,2.533346188104968e-10,2.2595485875872196e-10,2.840500251677369e-10,1.0440579584264826e-6,9.313434338145688e-7,1.170670890922552e-6,12.907832282768817,63.790641340340045
TUR.39.3_1,2067,albopictus,0.0017800651205798388,4.153396515604868e-13,3.5793035202402737e-13,4.759748151172971e-13,1.4580647984319128e-5,1.4580647984319128e-5,1.4580647984319128e-5,3.461163763004057e-14,2.9827529335335614e-14,3.9664567926441424e-14,1.4097925611170996e-10,1.2215309111440753e-10,1.6105677694278066e-10,13.806424138930572,57.175084464475376
TUR.39.3_1,2068,albopictus,0.001710517011171471,1.3392674524936865e-11,1.2106513014309427e-11,1.4671916459541023e-11,1.3991111041222748e-5,1.3991111041222748e-5,1.3991111041222748e-5,1.1160562104114053e-12,1.0088760845257855e-12,1.2226597049617518e-12,5.05343016701798e-9,4.565690808524166e-9,5.559129982272518e-9,13.084622626987231,63.167584292814
TUR.39.3_1,2069,albopictus,0.0018079215313403674,7.600733786805591e-11,6.568672550333331e-11,8.66353794259922e-11,1.4808820022601163e-5,1.4808820022601163e-5,1.4808820022601163e-5,6.333944822337993e-12,5.473893791944443e-12,7.219614952166017e-12,2.487070050010328e-8,2.1510699976801108e-8,2.8339814011948036e-8,13.841314462807906,59.76182034882393
TUR.39.3_1,2070,albopictus,0.0016898736046699117,9.29957200135334e-12,8.174094734414438e-12,1.052620213215505e-11,1.3841888294424676e-5,1.3841888294424676e-5,1.3841888294424676e-5,7.749643334461117e-13,6.811745612012032e-13,8.771835110129208e-13,3.4000216415364105e-9,3.0012894061219136e-9,3.828069727411047e-9,12.932410458431525,60.09682356588529
TUR.39.3_1,2071,albopictus,0.0017932911567568714,2.5503234857282563e-11,2.2124416187985218e-11,2.9130020617884614e-11,1.468898253846144e-5,1.468898253846144e-5,1.468898253846144e-5,2.1252695714402137e-12,1.843701348998768e-12,2.427501718157051e-12,8.510378739047994e-9,7.399865011951483e-9,9.691873902271479e-9,13.825526806699369,57.87769654663887
TUR.39.3_1,2072,albopictus,0.0018125370776859054,2.4186909253209875e-11,2.0889956431346945e-11,2.782386820943117e-11,1.4825573366294975e-5,1.4825573366294975e-5,1.4825573366294975e-5,2.015575771100823e-12,1.7408297026122455e-12,2.318655684119264e-12,7.896939642334141e-9,6.823103475041744e-9,9.080589342264077e-9,13.922274282065166,54.98230603607979
TUR.39.3_1,2073,albopictus,0.0017101217794673203,3.989540475757281e-12,3.3175462377244e-12,4.678860077156343e-12,1.4007741369143067e-5,1.4007741369143067e-5,1.4007741369143067e-5,3.324617063131067e-13,2.7646218647703337e-13,3.899050064296953e-13,1.374472958439362e-9,1.1430532451117692e-9,1.61187260136475e-9,13.590222937849296,59.48801949890938
TUR.39.3_1,2074,albopictus,0.0017747252138637342,1.1711242386969189e-10,1.0215464307794519e-10,1.3449735769555105e-10,1.4536908767570633e-5,1.4536908767570633e-5,1.4536908767570633e-5,9.759368655807657e-12,8.5128869231621e-12,1.120811314129592e-11,3.907607579234362e-8,3.410302424529851e-8,4.488870447803365e-8,13.935664651778472,60.2110994981973
TUR.39.3_1,2075,albopictus,0.001718894202233321,5.9860950640810985e-12,5.251782342341471e-12,6.774147909283101e-12,1.407959639337005e-5,1.407959639337005e-5,1.407959639337005e-5,4.988412553400916e-13,4.3764852852845595e-13,5.645123257735918e-13,2.053646981109436e-9,1.8019150868168557e-9,2.323785266294953e-9,13.165143234518302,59.51848112814115
TUR.40.25_1,2025,albopictus,3.845862378553803,0.012185377650425619,0.011674750174401964,0.012721880483965432,0.030943084038582536,0.030943084038582536,0.030943084038582536,0.0010179255834465541,9.751885171213482e-4,0.0010628756319485439,0.001974032653638501,0.0018903677755965239,0.002061667702846778,14.97866865320533,72.63806865937781
TUR.40.25_1,2026,albopictus,4.37684829124298,0.024719436910213125,0.023796375164845573,0.02570336879884089,0.03512878215440427,0.03512878215440427,0.03512878215440427,0.002072312082019369,0.0019945807596541227,0.0021553526025946653,0.0035988753412809827,0.0034672579862496107,0.003740346724321553,15.200420243775143,73.22835205323767
TUR.40.25_1,2027,albopictus,4.166688052525476,0.05886658784347584,0.057187374169294515,0.06051300507721996,0.033474588450612845,0.033474588450612845,0.033474588450612845,0.0049758788790223996,0.004832785357055724,0.005117299983673131,0.009191301648937288,0.008927450583257685,0.00945142958039267,15.465303622916634,74.61062350200882
TUR.40.25_1,2028,albopictus,3.963473657877671,0.026046423394851075,0.025036278293508907,0.027023688602421624,0.03182761873935178,0.03182761873935178,0.03182761873935178,0.002173005718033566,0.0020888093052615774,0.0022545711850711784,0.0039605522259610225,0.0038069575211605844,0.004109384627847467,14.774236404136117,75.76589471426875
TUR.40.25_1,2029,albopictus,3.736695709673636,0.04513894939608654,0.043895568337651826,0.046466024148089674,0.030079968116832678,0.030079968116832678,0.030079968116832678,0.003769306532647275,0.003665582950535677,0.0038795423840419295,0.007357759570300924,0.0071539361409221095,0.0075745789079573805,14.55814946019182,74.03198637890091
TUR.40.25_1,2030,albopictus,4.414469121063901,0.07477315889988709,0.07306476982404253,0.07647461994343895,0.03542455832730781,0.03542455832730781,0.03542455832730781,0.006351851993402456,0.006203981536523341,0.006499213590769684,0.011291908572331266,0.011030564258753343,0.011557512750345836,15.517890853916898,74.96856099692256
TUR.40.25_1,2031,albopictus,4.222960015221157,0.07754927182073697,0.07607727646766697,0.07903314384661622,0.03391782844236869,0.03391782844236869,0.03391782844236869,0.006468193523805505,0.006345515969277458,0.006592368299709972,0.011283101068593863,0.011060461724446595,0.011508241818731033,15.238847298657193,73.2502258452502
TUR.40.25_1,2032,albopictus,3.730030262453796,0.03299326353980005,0.03185558601378466,0.034038214310087515,0.029985396073729687,0.029985396073729687,0.029985396073729687,0.0027700766772894817,0.002673808608120833,0.0028588287472995112,0.005640996257146927,0.0054475227096907435,0.005827844979717051,14.211297753686999,75.82233570344519
TUR.40.25_1,2033,albopictus,4.294816734559345,0.017395400263667347,0.01669569929113212,0.018113962033269756,0.03448348810218865,0.03448348810218865,0.03448348810218865,0.0014548065143723467,0.0013962014559639037,0.0015151118148649123,0.0025360281270672574,0.0024359741008612196,0.0026404552549855764,15.156772616739367,74.52921563712032
TUR.40.25_1,2034,albopictus,4.371798854511051,0.0651007335951991,0.06367636242344411,0.06663902784239574,0.035089075435053824,0.035089075435053824,0.035089075435053824,0.0054323001187981425,0.00531361682688017,0.005560776067579811,0.00910450642675097,0.008900544562513867,0.009326903781122272,15.00018203579912,74.35000274903845
TUR.40.25_1,2035,albopictus,4.229052389981737,0.04011530609842788,0.038933792237130664,0.041368153119489284,0.03396580260323765,0.03396580260323765,0.03396580260323765,0.0033748021946798322,0.0032745012214724367,0.003481537700900722,0.00639768516062905,0.006204523243479178,0.006604546948744557,15.861098650331591,74.6399283242948
TUR.40.25_1,2036,albopictus,4.679739100755874,0.05447699409944292,0.052988190635464096,0.05599409462239622,0.03745514597719262,0.03745514597719262,0.03745514597719262,0.004604990022939016,0.00447800932908803,0.004734805242679588,0.007664600729629471,0.007461737444921417,0.007887843309345405,16.432419025138312,75.30933648672969
TUR.40.25_1,2037,albopictus,4.661374201493974,0.08018203678450703,0.07830651347615264,0.08200292240169806,0.03736316548588087,0.03736316548588087,0.03736316548588087,0.006817301690049776,0.006655020264811671,0.006975399055034919,0.011378693964092582,0.011101394927379753,0.011654001852725497,15.826205932334359,73.20622680909705
TUR.40.25_1,2038,albopictus,4.305698946190045,0.06352151651405925,0.06195577859222243,0.06509981394874657,0.03456912042115188,0.03456912042115188,0.03456912042115188,0.005296864368157229,0.005166517500372142,0.0054285121795202874,0.008993785118160276,0.008766326240216227,0.009225063218669975,15.261874798173999,73.0877273711291
TUR.40.25_1,2039,albopictus,4.758309865540866,0.046184673840021985,0.044884704704596365,0.047463114320670574,0.03812305134680278,0.03812305134680278,0.03812305134680278,0.003884380629623152,0.003774649724032433,0.003991765448656656,0.0062246902774796735,0.006052938995533269,0.006395525633983572,16.52116700334876,74.45273095694454
TUR.40.25_1,2040,albopictus,4.035009752400826,0.02289018785957906,0.022035732811090208,0.023806853150442925,0.03239134691217158,0.03239134691217158,0.03239134691217158,0.0019189946226527532,0.0018469760620585785,0.0019962876908599164,0.0038220547684770854,0.0036770611083422793,0.003977241229553289,15.178653680518563,73.99611995942664
TUR.40.25_1,2041,albopictus,4.82088018467813,0.002585474973640151,0.002451964719448305,0.0027309996806174383,0.038613180802110014,0.038613180802110014,0.038613180802110014,2.1553613609384784e-4,2.044058348981285e-4,2.2766805296614196e-4,3.2713861195425033e-4,3.106567277135162e-4,3.4510186960579916e-4,15.851603233054574,74.63361817923457
TUR.40.25_1,2042,albopictus,4.5977280514201375,0.08919400047357212,0.08768609483967142,0.09078443473713887,0.036863865637557565,0.036863865637557565,0.036863865637557565,0.00759270838245092,0.007460971019820314,0.007732551871519752,0.0134074347100546,0.013174811662073935,0.013651873182536987,16.162084383999602,72.45363154339066
TUR.40.25_1,2043,albopictus,4.170656543697053,0.016645572213695812,0.015982669986005924,0.017320665734226363,0.033505854862306145,0.033505854862306145,0.033505854862306145,0.0013929299300622536,0.0013372438110571781,0.0014496489702932572,0.0025786123256812407,0.0024750375257194908,0.002684973216558301,15.464669946069812,73.39407331076534
TUR.40.25_1,2044,albopictus,4.430216297159998,0.0367273285428433,0.03550504941504965,0.03788674727724514,0.03549895650787391,0.03549895650787391,0.03549895650787391,0.003070644845633588,0.002968736561289173,0.003167900808939585,0.005072214775496543,0.00490348683723967,0.005229921994637978,15.407030585641955,73.12199193564327
TUR.40.25_1,2045,albopictus,4.600126641408885,0.0545325341796202,0.05307646871833453,0.056172754672824926,0.03688268778154528,0.03688268778154528,0.03688268778154528,0.004581056987529194,0.004457815492730587,0.0047205042924074675,0.007414251431876043,0.007211142741533986,0.007643876275458593,16.080365581547515,73.86555717713904
TUR.40.25_1,2046,albopictus,4.668005058674993,0.05926425405859444,0.05751706488806799,0.061025274856242935,0.03741516711288224,0.03741516711288224,0.03741516711288224,0.004968332858280641,0.004822129862952892,0.005117274593277684,0.007884025094762645,0.007650851010330355,0.008125558530508864,15.872258467709317,75.53058892813594
TUR.40.25_1,2047,albopictus,4.636551551171768,0.11497319864062353,0.11317297700028668,0.11662266013765955,0.03716846861323326,0.03716846861323326,0.03716846861323326,0.009819318310280956,0.009658392192478821,0.009963523478209628,0.016342604104008677,0.01606178201925127,0.01659551370187225,15.890468878781094,74.02644998160274
TUR.40.25_1,2048,albopictus,4.826231578173895,0.07559439354258814,0.0739102791880595,0.07744962221313917,0.038601494594052176,0.038601494594052176,0.038601494594052176,0.006355264604160202,0.006212789262968633,0.0065130468698208765,0.009838764578080741,0.0096127440654961,0.010091796642385213,16.210368040437793,73.91265565482051
TUR.40.25_1,2049,albopictus,4.378489558442031,0.02304272946881491,0.022106778835518374,0.023905586123043648,0.035141688011021015,0.035141688011021015,0.035141688011021015,0.001929157584681544,0.0018506328212144017,0.002001239413383046,0.0033286409860585073,0.0031960709620758813,0.003449265001940909,15.687424106632962,73.94483262625606
TUR.40.25_1,2050,albopictus,4.473138466331928,0.08122883902305103,0.07939524409653229,0.08288303098055101,0.03588561192234809,0.03588561192234809,0.03588561192234809,0.006877626110171961,0.0067205804555201705,0.007021344555080559,0.011696372931441589,0.011426148648102845,0.011949230861801795,15.9500353368474,73.85961515036495
TUR.40.25_1,2051,albopictus,4.613956082369915,0.06736567863004683,0.0658155137098016,0.06899526363196007,0.03699120156381818,0.03699120156381818,0.03699120156381818,0.005709098056501179,0.005575668235830996,0.005848870832371643,0.009601337587095249,0.009369225672641477,0.009839180849998005,15.796551270519986,72.35674109386673
TUR.40.25_1,2052,albopictus,4.461744258819364,0.10359050866645494,0.10199189601287012,0.10516702730038385,0.035746377460400686,0.035746377460400686,0.035746377460400686,0.008785059447336504,0.008645356488025594,0.008923540128763103,0.015005985632683955,0.014760891068384147,0.015252841253689566,15.830123864844735,75.73919533021521
TUR.40.25_1,2053,albopictus,4.638034645636586,0.09227778995265566,0.09046333637299717,0.09420408070508436,0.03718010255294643,0.03718010255294643,0.03718010255294643,0.007875938506779586,0.007717393629708646,0.008044400132887415,0.013493122747115909,0.0132109570239356,0.013788766575548167,16.11221345587104,74.74695537812781
TUR.40.25_1,2054,albopictus,4.539594336817053,0.12174821617610597,0.1199800539828891,0.12349914025363992,0.036407551946969346,0.036407551946969346,0.036407551946969346,0.010429550914816626,0.010272942031826883,0.01058159862401891,0.017835340701911392,0.01755776063155206,0.018108888523054093,15.489027264947985,73.89533915447464
TUR.40.25_1,2055,albopictus,4.457692152133026,0.04200480376276043,0.040764326688187386,0.043324754199971074,0.03576425133781294,0.03576425133781294,0.03576425133781294,0.003536272604931668,0.0034309861241464614,0.003648352735942548,0.0060665918892021,0.005886402337753373,0.006262567407400621,15.737080100412463,73.11852723685176
TUR.40.25_1,2056,albopictus,4.933100983646067,0.02736138046594358,0.02614892912824371,0.028552304058285405,0.03943679659724286,0.03943679659724286,0.03943679659724286,0.0022864026887637434,0.0021848769824365706,0.002386109973274908,0.0034089321089358117,0.0032571507738235624,0.003554368138806213,16.586009108260566,71.96540846752396
TUR.40.25_1,2057,albopictus,4.234426058725691,0.1071573464413651,0.10549078492070225,0.10879023311984555,0.03400811508369875,0.03400811508369875,0.03400811508369875,0.009111032343181898,0.008967757712732834,0.009253358927860873,0.016519785034043655,0.016249174982350498,0.016788334415045354,15.397208217020129,75.17248771913123
TUR.40.25_1,2058,albopictus,4.576114439605185,0.08576819386001237,0.08421555496832972,0.08735045304649466,0.03669424099158313,0.03669424099158313,0.03669424099158313,0.0071545508608814945,0.007024962064089605,0.0072866131130553844,0.011566116224533816,0.011347460403773282,0.011789245412897293,15.757557792698636,75.99695029186478
TUR.40.25_1,2059,albopictus,4.388617901561055,0.10836733625497962,0.10665009605890458,0.11025959323784613,0.03522132634364331,0.03522132634364331,0.03522132634364331,0.009252643223991875,0.009103360206389256,0.009417468953786184,0.016289222022451755,0.01602146187387964,0.016584046246008927,16.5319045814229,73.15387485749793
TUR.40.25_1,2060,albopictus,4.548351177282666,0.0857056945930526,0.0836379741995389,0.08771700080956833,0.036425666681694197,0.036425666681694197,0.036425666681694197,0.007302594720158984,0.007122494590474806,0.007478144650036842,0.012749378108215042,0.012430872973884559,0.013053103253427147,15.609384818112149,74.05929611451697
TUR.40.25_1,2061,albopictus,4.238116831872982,0.11938275288224834,0.11764675226050134,0.12108287656784394,0.03403717515126765,0.03403717515126765,0.03403717515126765,0.010265128710945568,0.010111028939787253,0.010416157798035069,0.019352321833699018,0.01905613227897665,0.01963262771719783,15.607846581176215,74.52941018668086
TUR.40.25_1,2062,albopictus,4.570976556558867,0.07119091850026228,0.06948006337732168,0.07280494554802142,0.036653913622578436,0.036653913622578436,0.036653913622578436,0.0060420005866902915,0.0058940351645981725,0.00618165340914133,0.010437507150120002,0.010184276594161776,0.010683867648406585,15.418095949525927,73.99362610108923
TUR.40.25_1,2063,albopictus,5.000275145019596,0.14610238672528422,0.14402571569278855,0.14820715693040148,0.040016846871957716,0.040016846871957716,0.040016846871957716,0.012598572997084938,0.012412225702554699,0.012786672083644254,0.019745720122667995,0.01944274500813969,0.020054288122314617,16.57440380576779,71.88059789267452
TUR.40.25_1,2064,albopictus,4.534120689473304,0.13626549270732663,0.13450497358178262,0.13795090194444684,0.036314089387032095,0.036314089387032095,0.036314089387032095,0.01176784432882582,0.01161043583624223,0.011918010054794148,0.020578030615468434,0.02029654854326041,0.020853749942824025,16.30927483562161,73.29678168224564
TUR.40.25_1,2065,albopictus,4.708235353265093,0.057031302553842124,0.05556737806437331,0.058392115382252405,0.037730599127003196,0.037730599127003196,0.037730599127003196,0.004793515649382661,0.004670416726385105,0.0049083196231522,0.00765092492477529,0.0074603642268953356,0.007831768499905228,16.044531547263556,75.60093194571407
TUR.40.25_1,2066,albopictus,4.595466237600839,0.13267344474587908,0.13101016750185213,0.1343794756202243,0.03684611641450722,0.03684611641450722,0.03684611641450722,0.011375365873020644,0.011228424585831308,0.011528400487713938,0.01921007402672606,0.018946179633199244,0.01948633242251267,15.954877340033944,75.29367238608272
TUR.40.25_1,2067,albopictus,4.766194891234655,0.05844982956874212,0.0569300643794758,0.05989811350402278,0.038184832504908,0.038184832504908,0.038184832504908,0.004893815158085137,0.004766523005610883,0.005015162197294122,0.007566809241867379,0.007365561707974866,0.0077579343304216885,15.973298195238208,75.16574238069128
TUR.40.25_1,2068,albopictus,4.579977072613944,0.06375884585663288,0.06214663805754093,0.06534663320863146,0.03667358368638455,0.03667358368638455,0.03667358368638455,0.0054060442156698835,0.005267046538089022,0.005543145853418708,0.009267579277005772,0.009023706982697754,0.009507628327149083,16.12208744211524,73.9456063740181
TUR.40.25_1,2069,albopictus,4.840781534790548,0.13073199543888778,0.12891831575219911,0.1325826245432389,0.038769013402240864,0.038769013402240864,0.038769013402240864,0.011207281336263497,0.011043095776084307,0.01137122250180776,0.01797027375147094,0.017688899390592983,0.01824562342710682,16.41804747108151,74.31227984356156
TUR.40.25_1,2070,albopictus,4.524703533759722,0.07425346550428233,0.07233840722605459,0.07611275072937321,0.036290628627518,0.036290628627518,0.036290628627518,0.006302876540823978,0.0061372338642408,0.006463347709252256,0.010804438937109235,0.010526822366946154,0.011080467859493588,15.891244295473193,73.59788972464473
TUR.40.25_1,2071,albopictus,4.80160812714915,0.060108996559538636,0.058335018780155734,0.06192382057190381,0.03846224821475533,0.03846224821475533,0.03846224821475533,0.005054290297571496,0.004904287270170138,0.005207571183405381,0.007858683606802202,0.00762141587155448,0.008098384824497932,16.6568167241765,71.2966920368599
TUR.40.25_1,2072,albopictus,4.853139843010863,0.0486031747323087,0.047057785067098325,0.05009202306363961,0.03881189043259397,0.03881189043259397,0.03881189043259397,0.004067987540481151,0.0039379670795974524,0.004193018935741021,0.006170057244783902,0.005974122102392452,0.0063624004605986545,16.232560757036303,71.66032582846553
TUR.40.25_1,2073,albopictus,4.578918824065956,0.09114185108768785,0.08941375031480418,0.09295114537975727,0.03671625185983937,0.03671625185983937,0.03671625185983937,0.007757053189113632,0.007606978198166245,0.007915659064902436,0.013066887330210502,0.01279996029093153,0.01334729698373996,15.703704876934781,73.63683841950964
TUR.40.25_1,2074,albopictus,4.7518970794210755,0.11829447417401699,0.11646604566776746,0.12003416615424481,0.03807280221290694,0.03807280221290694,0.03807280221290694,0.010050104635986093,0.009891579251711,0.010202533803732932,0.016195271246284674,0.015923613927110464,0.016455200855848437,16.73061128778785,73.73043964631628
TUR.40.25_1,2075,albopictus,4.602407333608484,0.0629040280415909,0.061396297992113054,0.06425542744606047,0.036900584371784347,0.036900584371784347,0.036900584371784347,0.005296607459536914,0.005167743954034147,0.0054118321201277134,0.008626724282174418,0.008416008099576823,0.008822225279939,15.90288675152788,73.42546350088985
TUR.59.4_1,2025,albopictus,1.1891436740651495,1.522644560005837e-7,1.3885379356315398e-7,1.6724064878792522e-7,0.009686522606769915,0.009686522606769915,0.009686522606769915,1.2688705143084252e-8,1.1571149861194785e-8,1.3936721305711033e-8,8.164065136487264e-8,7.432679641206087e-8,8.96355216102133e-8,14.636299395751136,57.36246494228266
TUR.59.4_1,2026,albopictus,1.353324936143873,1.5990079942684866e-8,1.4267557205127623e-8,1.7868405249865662e-8,0.011015476037511482,0.011015476037511482,0.011015476037511482,1.3325066680798988e-9,1.188963100427302e-9,1.4890337800739967e-9,7.400319257888644e-9,6.631701680627952e-9,8.238252520674043e-9,15.286597077241716,55.31595806056879
TUR.59.4_1,2027,albopictus,1.2883432249405413,3.239815561213444e-7,2.9322542231258184e-7,3.544519759923759e-7,0.01048972984119396,0.01048972984119396,0.01048972984119396,2.6998465064144902e-8,2.4435453552009342e-8,2.9537667081922885e-8,1.6549923821977213e-7,1.4966333419935696e-7,1.816754734871214e-7,15.064670229148046,60.25540673508864
TUR.59.4_1,2028,albopictus,1.2255091741898003,6.590966592059378e-7,6.014175879642813e-7,7.200224114434217e-7,0.009966983641838484,0.009966983641838484,0.009966983641838484,5.4924730559134195e-8,5.0118139842403324e-8,6.000187838713551e-8,3.4991996810115886e-7,3.1938676798524504e-7,3.820983476746087e-7,14.32007776120422,61.79984954769037
TUR.59.4_1,2029,albopictus,1.15538925413543,6.207786944424032e-6,5.535694607478048e-6,6.9080071468746725e-6,0.009413047285383178,0.009413047285383178,0.009413047285383178,5.173155916821197e-7,4.613078961402765e-7,5.756672767700625e-7,3.1669376928903e-6,2.8244701767513496e-6,3.5238891811589786e-6,13.881200874041692,63.25399974758051
TUR.59.4_1,2030,albopictus,1.364957326331338,3.6994719664131815e-6,3.2494947885597373e-6,4.179237940041269e-6,0.011109556320112521,0.011109556320112521,0.011109556320112521,3.082893449842065e-7,2.7079124562540134e-7,3.482698451709916e-7,1.6001186842824293e-6,1.4054872393751601e-6,1.8072477576278057e-6,15.965114895692643,58.49063050523024
TUR.59.4_1,2031,albopictus,1.3057425600909485,8.939723135259037e-6,8.000796917334575e-6,9.972522342024948e-6,0.010630533558171432,0.010630533558171432,0.010630533558171432,7.449769295888402e-7,6.667330781179776e-7,8.310435301072764e-7,4.032518741681608e-6,3.60903237623042e-6,4.498340827122545e-6,14.79547667919713,60.176805851604755
TUR.59.4_1,2032,albopictus,1.1533282926094828,1.2455773990849295e-7,1.1115215360624209e-7,1.3841933456104626e-7,0.009383094118281829,0.009383094118281829,0.009383094118281829,1.0379811857354666e-8,9.262679633488998e-9,1.1534944768567164e-8,7.342112213996425e-8,6.539441073765325e-8,8.1829323860666e-8,14.3232101641011,61.79140762264154
TUR.59.4_1,2033,albopictus,1.3279607142601084,1.614948821337947e-7,1.458833696066364e-7,1.7729444313774322e-7,0.010810300203652248,0.010810300203652248,0.010810300203652248,1.3457907360727346e-8,1.2156947902288346e-8,1.4774537511937544e-8,8.629806461991445e-8,7.80426577977796e-8,9.473031106511468e-8,15.580450936348415,58.66219524318598
TUR.59.4_1,2034,albopictus,1.3517636463325557,2.0018417111300478e-8,1.820958655252003e-8,2.209592945556782e-8,0.01100284788182973,0.01100284788182973,0.01100284788182973,1.6682014351935652e-9,1.5174655552951944e-9,1.8413274638825103e-9,9.884918945231766e-9,9.01006003325063e-9,1.0896817719679985e-8,15.240176383844194,56.01517681056879
TUR.59.4_1,2035,albopictus,1.307626327161496,4.98074239632662e-7,4.3655607965265017e-7,5.647261709679218e-7,0.010645776527226073,0.010645776527226073,0.010645776527226073,4.150618723523329e-8,3.6379673804913066e-8,4.706051486095634e-8,2.654349906256552e-7,2.325892670367961e-7,3.0119994464579876e-7,15.485117538959956,60.13278011257074
TUR.59.4_1,2036,albopictus,1.446979012814233,4.714613638523435e-8,4.221162049344862e-8,5.276429012324169e-8,0.011756058787638727,0.011756058787638727,0.011756058787638727,3.928844715765193e-9,3.517635050372577e-9,4.397024195440524e-9,2.3758358969181807e-8,2.122895829473337e-8,2.662110867741411e-8,16.171363377761022,60.362315851197856
TUR.59.4_1,2037,albopictus,1.4413005715096472,2.5835227108512714e-6,2.29596175345681e-6,2.88996041679368e-6,0.011726750629934593,0.011726750629934593,0.011726750629934593,2.1529356121878969e-7,1.913301478251306e-7,2.4083003709804427e-7,1.0564456570391438e-6,9.389150959435617e-7,1.1817084497984612e-6,15.420838419786271,59.67710753058018
TUR.59.4_1,2038,albopictus,1.3313255026604025,1.6675955354763516e-6,1.4523998761839519e-6,1.9023888166352922e-6,0.010837521388519603,0.010837521388519603,0.010837521388519603,1.3896629863459817e-7,1.2103332666842566e-7,1.5853240602053028e-7,7.401820728478355e-7,6.451003269583588e-7,8.440765293297088e-7,15.430950864346004,57.69218289628249
TUR.59.4_1,2039,albopictus,1.4712731551193634,2.32470192106371e-8,2.079286750555909e-8,2.594616846374187e-8,0.011968942705814315,0.011968942705814315,0.011968942705814315,1.937251610415839e-9,1.7327389680484492e-9,2.162180714563681e-9,1.0116510507557352e-8,9.115569993278783e-9,1.1202321989709867e-8,16.503765924961545,57.020078060772235
TUR.59.4_1,2040,albopictus,1.2476281909138267,6.287148669192888e-8,5.653965615137757e-8,6.945705402772173e-8,0.01014583134295959,0.01014583134295959,0.01014583134295959,5.239290638383206e-9,4.711638077377807e-9,5.788087928162063e-9,3.5910844495899244e-8,3.236189735494887e-8,3.964812250109584e-8,14.668052856317338,60.20951084072016
TUR.59.4_1,2041,albopictus,1.4906199470381878,4.1563253218235285e-7,3.702410188294314e-7,4.610307752866971e-7,0.012125237576516262,0.012125237576516262,0.012125237576516262,3.4636046103801255e-8,3.085341979148596e-8,3.841923309211293e-8,1.7022094189015717e-7,1.5239454253500778e-7,1.8805888807131114e-7,16.446668768118993,59.65990356380365
TUR.59.4_1,2042,albopictus,1.4216211318185774,9.298545727354223e-8,8.3547836771114e-8,1.0418435177073082e-7,0.01156769496635987,0.01156769496635987,0.01156769496635987,7.748788312435713e-9,6.962319897228324e-9,8.682029564027747e-9,4.346396915082725e-8,3.9076647695655365e-8,4.871444448823851e-8,16.306194806288854,56.125197448080996
TUR.59.4_1,2043,albopictus,1.2895702855339155,5.183820349929924e-8,4.456307250988445e-8,5.944534632318365e-8,0.010499660550415022,0.010499660550415022,0.010499660550415022,4.3198503007213505e-9,3.7135893850755628e-9,4.953778869517163e-9,2.3842524887148405e-8,2.051615265614518e-8,2.7309359370656742e-8,15.525477532735643,54.95939099564772
TUR.59.4_1,2044,albopictus,1.369826365572962,1.3403162550940096e-7,1.1648099178529493e-7,1.5363194114381694e-7,0.011133224420922294,0.011133224420922294,0.011133224420922294,1.1169302305195453e-8,9.706749472491543e-9,1.280266196575693e-8,5.97547315285459e-8,5.207586834463096e-8,6.812694889011631e-8,15.779711330126897,57.68974180792393
TUR.59.4_1,2045,albopictus,1.4223627777307402,5.84515781646977e-7,5.134690627656146e-7,6.571930320720122e-7,0.011573689720949845,0.011573689720949845,0.011573689720949845,4.8709651244066564e-8,4.278909088139179e-8,5.4766089281621515e-8,2.4882193892291256e-7,2.1915879923871858e-7,2.7859090487904656e-7,15.926130676459447,58.95731707190098
TUR.59.4_1,2046,albopictus,1.4433508377683695,1.5434385437913533e-6,1.36077110546029e-6,1.7499798121628495e-6,0.011743319871107855,0.011743319871107855,0.011743319871107855,1.286198927444767e-7,1.1339760461262505e-7,1.458316696213713e-7,6.416715028357741e-7,5.67338995143459e-7,7.269863256842886e-7,15.521496637852168,61.158721643434184
TUR.59.4_1,2047,albopictus,1.4336253884950945,1.0084548673472416e-5,8.918299267174357e-6,1.13866519763417e-5,0.011664720768426201,0.011664720768426201,0.011664720768426201,8.403790917395996e-7,7.431916368908868e-7,9.488877069146102e-7,4.146649132090526e-6,3.66751196233898e-6,4.681729942706871e-6,16.11641715386627,56.29510978633783
TUR.59.4_1,2048,albopictus,1.4922746021185174,2.923402894050575e-8,2.4871605883158842e-8,3.410215799193317e-8,0.012121510290859033,0.012121510290859033,0.012121510290859033,2.4361690783754792e-9,2.0726338235965703e-9,2.8418464993277637e-9,1.1583183086287067e-8,9.856493922201965e-9,1.3507037209536943e-8,16.155735596210935,57.00468925411127
TUR.59.4_1,2049,albopictus,1.3538324172534641,1.7608472915431327e-8,1.584968619405824e-8,1.963381637826167e-8,0.011019580649299365,0.011019580649299365,0.011019580649299365,1.4673727429526107e-9,1.320807182838187e-9,1.636151364855139e-9,1.0641789814006912e-8,9.570962802389152e-9,1.1870221746507204e-8,15.57233590303975,59.04927336945754
TUR.59.4_1,2050,albopictus,1.3830979340598062,4.7125325513306395e-6,4.210877962376736e-6,5.2282421293098345e-6,0.01125625328236273,0.01125625328236273,0.01125625328236273,3.9271108831952693e-7,3.5090653096707856e-7,4.356868966312599e-7,2.3742781959791384e-6,2.12149211802487e-6,2.6339942962192347e-6,15.492564225386756,56.5957146065893
TUR.59.4_1,2051,albopictus,1.4266388517593824,4.008971997153776e-6,3.4920326631215918e-6,4.51917430764337e-6,0.011608252594633736,0.011608252594633736,0.011608252594633736,3.3408100031070975e-7,2.9100272238985483e-7,3.765978595450525e-7,1.6552084425331312e-6,1.4417955737255905e-6,1.8658233059162346e-6,16.359403673997697,57.05369603409987
TUR.59.4_1,2052,albopictus,1.3795748361299094,8.151386136304506e-6,7.197075861131719e-6,9.187692009146597e-6,0.01121194615879842,0.01121194615879842,0.01121194615879842,6.792822133810938e-7,5.997563513317668e-7,7.656410388740912e-7,3.490700748150592e-6,3.0824328801903425e-6,3.933624784383203e-6,15.574287021350044,59.94456167791905
TUR.59.4_1,2053,albopictus,1.4340839624707822,4.658026562133988e-6,4.241966426005162e-6,5.109964042571136e-6,0.01166842703033813,0.01166842703033813,0.01166842703033813,3.881692343273661e-7,3.5349749467293115e-7,4.258307748627547e-7,2.1830376371482127e-6,1.9828978041041187e-6,2.404254319219914e-6,15.933838669648942,61.258320845908145
TUR.59.4_1,2054,albopictus,1.4036461415132397,1.2000624222019418e-8,1.0558377502856154e-8,1.3536002843594907e-8,0.011422389680738129,0.011422389680738129,0.011422389680738129,1.0000520185016181e-9,8.798647919046794e-10,1.1280002369662422e-9,6.0422548159762745e-9,5.326201483561258e-9,6.804962942909738e-9,15.755285624852952,57.10654326056065
TUR.59.4_1,2055,albopictus,1.3783219215535671,1.2524828917832353e-5,1.1294125172861546e-5,1.3813386671782112e-5,0.011217633693391746,0.011217633693391746,0.011217633693391746,1.0437360166821174e-6,9.411773318643753e-7,1.1511158668343438e-6,5.375334001280337e-6,4.848370678089963e-6,5.926672941248407e-6,15.77874231754857,59.16598768805088
TUR.59.4_1,2056,albopictus,1.5253187063945848,8.027711587764719e-7,7.379579390620616e-7,8.711701365154978e-7,0.012388017666808396,0.012388017666808396,0.012388017666808396,6.689760319084082e-8,6.149650067371893e-8,7.259751740202695e-8,3.7809424997618337e-7,3.470885051340874e-7,4.1130930758179196e-7,16.866261267851964,57.85973520849766
TUR.59.4_1,2057,albopictus,1.309287869766096,6.5460281235857344e-6,6.0012607626253045e-6,7.14575410535323e-6,0.01065922108929332,0.01065922108929332,0.01065922108929332,5.455032352438827e-7,5.001058101604394e-7,5.954805631020374e-7,3.202467234338757e-6,2.9394529049248573e-6,3.4858494182395113e-6,15.74760463256754,57.59071639949701
TUR.59.4_1,2058,albopictus,1.4149381860359165,1.2939437192026726e-5,1.1382817683106006e-5,1.4602523780177236e-5,0.011513674566838883,0.011513674566838883,0.011513674566838883,1.0782864341406518e-6,9.485681416186257e-7,1.2168769834286495e-6,5.386152942810168e-6,4.73822474584019e-6,6.078419442672826e-6,15.47102513332285,61.088732121136005
TUR.59.4_1,2059,albopictus,1.3569641089166686,4.509176988121921e-6,4.103257485835176e-6,4.956374019304821e-6,0.01104490998646764,0.01104490998646764,0.01104490998646764,3.757650891079896e-7,3.419384068836795e-7,4.1303157205357004e-7,2.0595630526139e-6,1.880922485456016e-6,2.2507460044521304e-6,15.67990130602437,59.102892595277446
TUR.59.4_1,2060,albopictus,1.4063537634766647,1.1957975521407204e-6,1.0756624220537025e-6,1.32209820920548e-6,0.011428156974285583,0.011428156974285583,0.011428156974285583,9.964981442839305e-8,8.963855020333033e-8,1.1017487183360521e-7,5.804869208563545e-7,5.220828289488149e-7,6.433900868962894e-7,15.56406718908864,58.96417844071608
TUR.59.4_1,2061,albopictus,1.3104290597278023,6.87615118029894e-6,6.018458426512718e-6,7.718325395009162e-6,0.010668455037594208,0.010668455037594208,0.010668455037594208,5.730126310961037e-7,5.015382291718532e-7,6.431938251581781e-7,3.6653004173677893e-6,3.2078344621188267e-6,4.114031855734686e-6,15.438825035285133,58.71630672389887
TUR.59.4_1,2062,albopictus,1.4133495485545844,1.1266711339364965e-6,1.0172800052943297e-6,1.2429986051332164e-6,0.011500832603425196,0.011500832603425196,0.011500832603425196,9.388928626200924e-8,8.477335488333663e-8,1.035832463619953e-7,5.034344321663738e-7,4.5575131815504356e-7,5.544881229957905e-7,15.858973388067064,58.423659362143496
TUR.59.4_1,2063,albopictus,1.5460890099559932,3.2033701581357655e-6,2.777662643133061e-6,3.635209838742659e-6,0.012573193136573568,0.012573193136573568,0.012573193136573568,2.6694751335615276e-7,2.314718870850367e-7,3.029341534323271e-7,1.2203675802364422e-6,1.0582012944508614e-6,1.3848724092900555e-6,16.940786226780393,53.1431672153336
TUR.59.4_1,2064,albopictus,1.4019536854469024,3.904035146680474e-6,3.535728386794279e-6,4.256206364888771e-6,0.01139263481902933,0.01139263481902933,0.01139263481902933,3.2533651003989935e-7,2.946442219810737e-7,3.5468414764141163e-7,1.8709404061920677e-6,1.696818247955145e-6,2.040456063671925e-6,15.79119740346191,60.05453685695551
TUR.59.4_1,2065,albopictus,1.4557900765160607,4.800347681476192e-7,4.1613935245210505e-7,5.503213230423353e-7,0.011843840867242106,0.011843840867242106,0.011843840867242106,4.000289859509843e-8,3.467828051847051e-8,4.586011169612399e-8,1.9948543737907664e-7,1.7398929426347872e-7,2.2791304405296125e-7,15.818903351019994,61.8638391869726
TUR.59.4_1,2066,albopictus,1.4209217772056482,9.234725234821827e-6,8.161010781651546e-6,1.0416196330217954e-5,0.011562042016064885,0.011562042016064885,0.011562042016064885,7.695604428308115e-7,6.80084238044674e-7,8.680163685353959e-7,3.828561585547072e-6,3.383569548219556e-6,4.318302580215427e-6,15.798330052883601,59.89454940730951
TUR.59.4_1,2067,albopictus,1.4737112112692397,5.728638902691152e-9,5.1016542934601006e-9,6.39363424148609e-9,0.011988640325405262,0.011988640325405262,0.011988640325405262,4.773865752242627e-10,4.2513785778834173e-10,5.328028534571742e-10,2.865962873262647e-9,2.5501912102876554e-9,3.199836651895938e-9,16.415862504831132,56.54483830704909
TUR.59.4_1,2068,albopictus,1.416132515202039,1.5758560637990637e-7,1.38350230199924e-7,1.7634986797243624e-7,0.011507096342211837,0.011507096342211837,0.011507096342211837,1.3132134148876226e-8,1.1529186090773285e-8,1.4695822681450496e-8,6.799112565803826e-8,5.990754896785985e-8,7.579188018719264e-8,15.726440632533208,61.02658180171869
TUR.59.4_1,2069,albopictus,1.4967734601549092,4.1953668218008835e-6,3.769939306802472e-6,4.676312249771164e-6,0.01217494339161281,0.01217494339161281,0.01217494339161281,3.496141230920254e-7,3.141617989696939e-7,3.896929265336894e-7,1.7283829917500715e-6,1.559923743272897e-6,1.914996984918084e-6,16.555861218960263,57.96298412258051
TUR.59.4_1,2070,albopictus,1.3990418934891509,1.2118604507960208e-7,1.0789575344005709e-7,1.3486240621751745e-7,0.011385166178300496,0.011385166178300496,0.011385166178300496,1.0098837400209412e-8,8.991313036471604e-9,1.1238534231017282e-8,5.570348964226146e-8,4.9756556347544756e-8,6.182599925514768e-8,15.542763614844457,58.60560707027338
TUR.59.4_1,2071,albopictus,1.4846610116835055,1.8429718111020453e-6,1.668868444826277e-6,2.0383784910871227e-6,0.012077100767459789,0.012077100767459789,0.012077100767459789,1.5358102038724268e-7,1.390724035583065e-7,1.698649181439138e-7,8.899746930210173e-7,8.040078771312057e-7,9.861208055646683e-7,16.49216225166239,56.90120319301508
TUR.59.4_1,2072,albopictus,1.500594658782371,3.1141129834044715e-8,2.670109259250708e-8,3.624495387155591e-8,0.012188620961868272,0.012188620961868272,0.012188620961868272,2.595094152837059e-9,2.22509104937559e-9,3.020412822629659e-9,1.2301507367908545e-8,1.056141210621179e-8,1.4308949218555522e-8,16.555350128999528,53.88962431524815
TUR.59.4_1,2073,albopictus,1.415805303918181,6.700033692397245e-7,5.920624634864202e-7,7.704573893679844e-7,0.011520683949781249,0.011520683949781249,0.011520683949781249,5.5833617001186755e-8,4.9338541135285355e-8,6.420478589480583e-8,2.834201130512415e-7,2.509332743714602e-7,3.252912114763233e-7,15.851456586709794,58.8069471098445
TUR.59.4_1,2074,albopictus,1.4692903166043905,4.056227432462145e-6,3.566373035163162e-6,4.617497849324082e-6,0.011952922564198063,0.011952922564198063,0.011952922564198063,3.380190300751503e-7,2.971978190965489e-7,3.847915791548029e-7,1.6521290694807381e-6,1.4552916887032584e-6,1.8792887105593957e-6,16.538747553220567,59.00699619228266
TUR.59.4_1,2075,albopictus,1.4230679695537154,9.88179068863726e-8,8.648385454723683e-8,1.129975307018194e-7,0.011579389777130059,0.011579389777130059,0.011579389777130059,8.234825592275582e-9,7.206987888419558e-9,9.416460910321999e-9,4.112969387159067e-8,3.600528609727186e-8,4.701382303346861e-8,15.764513000042415,57.60903870835524
TUR.81.6_1,2025,aegypti,0.002478096308459468,3.94964616567961e-13,3.5427216715788745e-13,4.4187986603105854e-13,2.0298207985723165e-5,2.0298207985723165e-5,2.0298207985723165e-5,3.2913718047330084e-14,2.952268059649062e-14,3.682332216925488e-14,1.0788849118722096e-10,9.638332955826576e-11,1.210468561034054e-10,12.490222059847678,79.21574761918366
TUR.81.6_1,2026,aegypti,0.0028202391364027385,1.7336674773549277e-9,1.546434699739585e-9,1.9503133025233764e-9,2.3100679665923513e-5,2.3100679665923513e-5,2.3100679665923513e-5,1.4447228977957731e-10,1.2886955831163208e-10,1.625261085436147e-10,4.1660717832880946e-7,3.7020562696152284e-7,4.6908209964969614e-7,13.56138716455476,74.40224848639151
TUR.81.6_1,2027,aegypti,0.002684821573191169,9.310913807436538e-8,8.23199648586348e-8,1.0562243336342814e-7,2.1991483481846135e-5,2.1991483481846135e-5,2.1991483481846135e-5,7.75909483953045e-9,6.8599970715528995e-9,8.801869446952343e-9,2.0436201957231245e-5,1.8069574016674195e-5,2.3181740199991707e-5,13.290950102768107,79.27279069474518
TUR.81.6_1,2028,aegypti,0.002553879591488766,8.382733258649466e-10,7.306532157080881e-10,9.456391669715459e-10,2.0889282041747226e-5,2.0889282041747226e-5,2.0889282041747226e-5,6.985611048874555e-11,6.0887767975674e-11,7.880326391429548e-11,1.9359149176415015e-7,1.6873761147483587e-7,2.1838664577532768e-7,12.912151419283713,79.31670167496979
TUR.81.6_1,2029,aegypti,0.0024077543428531775,1.435099881494928e-7,1.2780210905116716e-7,1.6075902290468846e-7,1.97220399922593e-5,1.97220399922593e-5,1.97220399922593e-5,1.19591656791244e-8,1.0650175754263932e-8,1.339658524205737e-8,3.510385322651118e-5,3.1261563189452964e-5,3.9323124993614433e-5,12.508855614226823,78.53384568742096
TUR.81.6_1,2030,aegypti,0.002844480263703675,6.230726204492499e-8,5.5946157878628e-8,6.941769737367486e-8,2.329923696672842e-5,2.329923696672842e-5,2.329923696672842e-5,5.192271902793033e-9,4.662179878730151e-9,5.784808188487774e-9,1.3587320133524252e-5,1.2270529373936227e-5,1.5093542287964121e-5,13.675913456243043,75.6988841141381
TUR.81.6_1,2031,aegypti,0.0027210806301463933,5.04421078797801e-6,4.594946058458782e-6,5.52721312409854e-6,2.2288479124813836e-5,2.2288479124813836e-5,2.2288479124813836e-5,4.2035089899816745e-7,3.829121715382318e-7,4.6060109367487835e-7,0.0010917863361629304,9.945457037685908e-4,0.0011963293058467593,13.246888263187573,76.9592699453352
TUR.81.6_1,2032,aegypti,0.0024034594361394515,1.1235258785546876e-9,1.0043704201656567e-9,1.2560617101975424e-9,1.9658944555337825e-5,1.9658944555337825e-5,1.9658944555337825e-5,9.362715654622396e-11,8.369753501380472e-11,1.0467180918312854e-10,3.20270335457377e-7,2.8505676588838626e-7,3.58707209066611e-7,12.323186291418239,80.30196168473542
TUR.81.6_1,2033,aegypti,0.0027673817853626987,9.575451209720143e-12,8.363246206677389e-12,1.0905193414956216e-11,2.2667728813337746e-5,2.2667728813337746e-5,2.2667728813337746e-5,7.979542674766785e-13,6.969371838897824e-13,9.08766117913018e-13,2.038867524830253e-9,1.780803558550555e-9,2.3218507537910623e-9,13.302862945359712,78.06466399084708
TUR.81.6_1,2034,aegypti,0.0028169855123014267,8.293970192652101e-8,7.472653815732144e-8,9.206875885847676e-8,2.3074029465451156e-5,2.3074029465451156e-5,2.3074029465451156e-5,6.911641827210084e-9,6.227211513110121e-9,7.672396571539731e-9,1.7340539981359943e-5,1.5623380448637433e-5,1.9249189033151984e-5,12.967818024915223,78.5882795100528
TUR.81.6_1,2035,aegypti,0.0027250062754030032,8.819356127620636e-10,7.848857341841154e-10,9.810342149751959e-10,2.2320633830859766e-5,2.2320633830859766e-5,2.2320633830859766e-5,7.349463439683864e-11,6.540714451534295e-11,8.1752851247933e-11,2.2100021825678199e-7,1.961976202629704e-7,2.4701438731492925e-7,13.935066385231181,75.90529897263825
TUR.81.6_1,2036,aegypti,0.0030154080018062,5.2143268083670866e-8,4.63228204850008e-8,5.798560228087446e-8,2.4664268717509524e-5,2.4664268717509524e-5,2.4664268717509524e-5,4.345272367885696e-9,3.860235067941013e-9,4.832133551161781e-9,1.18409784887058e-5,1.0495286599840106e-5,1.3192338312688114e-5,14.447672409973308,78.7926226700463
TUR.81.6_1,2037,aegypti,0.0030035745078881835,7.496490983953663e-7,6.746727272854968e-7,8.269889432782618e-7,2.4602365168389467e-5,2.4602365168389467e-5,2.4602365168389467e-5,6.247076323423472e-8,5.622273162170233e-8,6.891575069431498e-8,1.7117205333162837e-4,1.5382444448730124e-4,1.8910628120330232e-4,14.029741926155255,78.56928041032135
TUR.81.6_1,2038,aegypti,0.002774393780544922,1.0870433556650072e-6,9.855554998605687e-7,1.2028655608453676e-6,2.2725163586034824e-5,2.2725163586034824e-5,2.2725163586034824e-5,9.058694630541727e-8,8.212962498838072e-8,1.0023879673711397e-7,2.307617062702172e-4,2.0921746655167385e-4,2.5534889980908274e-4,13.085582179985211,78.82175551306388
TUR.81.6_1,2039,aegypti,0.0030660353781918684,3.0133421591305167e-10,2.703302082185388e-10,3.3523454012751584e-10,2.5113976620527723e-5,2.5113976620527723e-5,2.5113976620527723e-5,2.511118465942097e-11,2.2527517351544904e-11,2.7936211677292987e-11,7.234554671074292e-8,6.42356478656551e-8,8.11862242156014e-8,14.568024042409425,76.76711506099682
TUR.81.6_1,2040,aegypti,0.0025999741508645753,9.432766094695789e-7,8.316394020740914e-7,1.0508546603948953e-6,2.126630473638554e-5,2.126630473638554e-5,2.126630473638554e-5,7.860638438965858e-8,6.930328374695389e-8,8.757122197713037e-8,2.5394155399825405e-4,2.238645234874624e-4,2.829278338240859e-4,13.193775815925761,77.55292648525219
TUR.81.6_1,2041,aegypti,0.0031063528054970785,7.895906151134113e-16,6.661338147750939e-16,8.881784197001252e-16,2.5444212935192095e-5,2.5444212935192095e-5,2.5444212935192095e-5,6.579921792611761e-17,5.551115123125783e-17,7.401486830834377e-17,1.5567229912546072e-13,1.354254671367035e-13,1.766873684398244e-13,14.035284283917909,78.343789840253
TUR.81.6_1,2042,aegypti,0.0029625638647551495,1.9828330629034773e-7,1.7944628570021326e-7,2.1949212336003221e-07,2.4266450463180284e-5,2.4266450463180284e-5,2.4266450463180284e-5,1.6523608908626993e-8,1.495385718794373e-8,1.8291010335513835e-8,4.669024963667338e-5,4.223443068190243e-5,5.170272160293504e-5,13.92621700283067,76.5267331843692
TUR.81.6_1,2043,aegypti,0.0026873786858370293,1.2002225224794216e-10,1.0784145798581335e-10,1.3222466455076186e-10,2.201242863315393e-5,2.201242863315393e-5,2.201242863315393e-5,1.0001854353995181e-11,8.986788165484446e-12,1.1018722045896822e-11,2.9814234022512706e-8,2.674861543742561e-8,3.2823087599970205e-8,13.171928130747641,78.54267480424225
TUR.81.6_1,2044,aegypti,0.002854627017568298,2.1016486609259922e-7,1.8490336650967e-7,2.3711831407258188e-7,2.3349192099092475e-5,2.3349192099092475e-5,2.3349192099092475e-5,1.7513738841049933e-8,1.540861387580583e-8,1.975985950604849e-8,4.3422249089352265e-5,3.820296546879048e-5,4.8991109892899264e-05,13.453309002679353,76.96369467627188
TUR.81.6_1,2045,aegypti,0.002964109405497784,7.159511422383247e-8,6.298090899636843e-8,8.111422996615047e-8,2.427910985886017e-5,2.427910985886017e-5,2.427910985886017e-5,5.9662595186527056e-9,5.248409083030704e-9,6.759519163845872e-9,1.4233823260429758e-5,1.2521740402756525e-5,1.6124381220908313e-5,14.354808889986838,75.94795746059398
TUR.81.6_1,2046,aegypti,0.0030078471263765196,3.449709206160756e-5,3.2945954731936064e-5,3.60755958778769e-5,2.4637361817218355e-5,2.4637361817218355e-5,2.4637361817218355e-5,2.87475767180063e-6,2.7454962276613394e-6,3.0062996564897417e-6,0.00675490064387981,0.006451166252803991,0.007063994128384139,14.118388814888165,78.47931840470612
TUR.81.6_1,2047,aegypti,0.0029875799370806936,4.095020899239632e-6,3.766785794676042e-6,4.442247948999167e-6,2.447135500862248e-5,2.447135500862248e-5,2.447135500862248e-5,3.4125174390665463e-7,3.1389881857343815e-7,3.7018733171680546e-7,8.075261479801499e-4,7.428466135195255e-4,8.759909055928388e-4,14.153074982923036,75.95647822271964
TUR.81.6_1,2048,aegypti,0.0031098009966078473,1.1496208851953238e-5,1.0601249122527134e-5,1.2539582292220297e-5,2.5436336839453528e-5,2.5436336839453528e-5,2.5436336839453528e-5,9.580174043316384e-7,8.834374268772612e-7,1.0449651910276099e-6,0.002180346896453057,0.002010609794105114,0.0023782321355692,14.306150757433738,77.27464527339916
TUR.81.6_1,2049,aegypti,0.002821296693274728,5.791985620007267e-10,5.085161181028752e-10,6.553091180805381e-10,2.3109342037872887e-5,2.3109342037872887e-5,2.3109342037872887e-5,4.826654683339389e-11,4.23763431752396e-11,5.460909317337818e-11,1.2175055220739473e-7,1.069853968679868e-7,1.3763945980761286e-7,13.49831259564734,78.76636483720124
TUR.81.6_1,2050,aegypti,0.0028822840833981032,6.933863698266318e-7,6.164647967515924e-7,7.76187504297754e-7,2.3608885199200014e-5,2.3608885199200014e-5,2.3608885199200014e-5,5.778219784211928e-8,5.1372066711685704e-8,6.468229242241145e-8,1.4192338035285486e-4,1.2620194423429177e-4,1.5884414987779109e-4,14.063718779049085,77.91723547827384
TUR.81.6_1,2051,aegypti,0.0029730204593058185,3.157364784073247e-7,2.843608689212518e-7,3.516916112472624e-7,2.4352099555942825e-5,2.4352099555942825e-5,2.4352099555942825e-5,2.6311374779273514e-8,2.3696740417596584e-8,2.9307636263455523e-8,6.553882872157034e-5,5.9219752632296706e-5,7.284027748805932e-5,14.022259039840861,74.2322445954003
TUR.81.6_1,2052,aegypti,0.002874942181687797,2.8779851779614505e-7,2.594558080576404e-7,3.1734097268865117e-7,2.3515356120153614e-5,2.3515356120153614e-5,2.3515356120153614e-5,2.3983209859385067e-8,2.162131737514413e-8,2.6445081103646888e-8,5.9111330449433866e-5,5.3295842162173525e-5,6.516950196038495e-5,13.793882849973206,78.99364704341869
TUR.81.6_1,2053,aegypti,0.0029885355747391964,1.2201874788231315e-8,1.1015267856184786e-8,1.3363333686844391e-8,2.4479182555372143e-5,2.4479182555372143e-5,2.4479182555372143e-5,1.0168228990192762e-9,9.179389880153987e-10,1.113611140570366e-9,2.517173306395911e-6,2.283135248833575e-6,2.7519401999825943e-6,14.236045125287538,77.88497712662995
TUR.81.6_1,2054,aegypti,0.002925105180752756,3.881371962669688e-6,3.5015257699555493e-6,4.25442962932454e-6,2.3959629441905328e-5,2.3959629441905328e-5,2.3959629441905328e-5,3.2344766411174233e-7,2.9179381469771984e-7,3.5453580309897455e-7,7.81565588289292e-4,7.050887813931856e-4,8.566847751870008e-4,13.477584722798829,78.95889006506583
TUR.81.6_1,2055,aegypti,0.002872331191061379,2.546985275353464e-9,2.2570341734473585e-9,2.877526653066731e-9,2.3527361820226595e-5,2.3527361820226595e-5,2.3527361820226595e-5,2.1224877294612198e-10,1.8808618112061323e-10,2.397938877555609e-10,5.222963600157171e-7,4.6283904748834855e-7,5.900722620357882e-7,13.615598880411948,77.3050239329654
TUR.81.6_1,2056,aegypti,0.00317866271164598,3.402996834728222e-7,2.967958342120492e-7,3.845140194164154e-7,2.5999576670959756e-5,2.5999576670959756e-5,2.5999576670959756e-5,2.835830695606852e-8,2.4732986184337427e-8,3.2042834951367956e-8,6.314206256266952e-5,5.506999707069263e-5,7.134595450359349e-5,14.500540021222596,77.10810798854808
TUR.81.6_1,2057,aegypti,0.002728468819656156,5.633395496303928e-7,5.039573815340814e-7,6.193103159940482e-7,2.2348995305621067e-5,2.2348995305621067e-5,2.2348995305621067e-5,4.69449624691994e-8,4.199644846117345e-8,5.160919299950402e-8,1.216012134759355e-4,1.0878313898160774e-4,1.3368296537706161e-4,12.982863409481213,81.11401218624096
TUR.81.6_1,2058,aegypti,0.002948637050329915,2.9870115434238455e-6,2.6788937330546327e-6,3.309524908867711e-6,2.4152377076221605e-5,2.4152377076221605e-5,2.4152377076221605e-5,2.4891762861865376e-7,2.2324114442121937e-7,2.7579374240564263e-7,5.966243726667809e-4,5.350809713557975e-4,6.610431509712975e-4,14.088600956560935,78.64990689805329
TUR.81.6_1,2059,aegypti,0.002827822930363717,8.280678495531935e-6,7.68578838941103e-6,8.90367360713018e-6,2.316279797243137e-5,2.316279797243137e-5,2.316279797243137e-5,6.900565412943279e-7,6.404823657842525e-7,7.419728005941817e-7,0.0017246473022599835,0.0016007468803801454,0.0018544013510837008,14.24117559508658,76.6667624558129
TUR.81.6_1,2060,aegypti,0.0029307476847988227,1.631633784929254e-5,1.5157091057899086e-5,1.7432801464717375e-5,2.3971806456681472e-5,2.3971806456681472e-5,2.3971806456681472e-5,1.3596952042033521e-6,1.2630912994119707e-6,1.452733862034733e-6,0.003294417151989162,0.0030618125234965956,0.0035190082748788746,13.815601848723258,76.87321069291413
TUR.81.6_1,2061,aegypti,0.002730846983618201,5.6434011947043e-6,5.143915168298596e-6,6.154210423672812e-6,2.236847469140139e-5,2.236847469140139e-5,2.236847469140139e-5,4.702835635830571e-7,4.2865970888196954e-7,5.128510202648725e-7,0.001228960036920175,0.0011206806513597157,0.0013398637774937826,13.704951468270783,76.143381540489
TUR.81.6_1,2062,aegypti,0.002945326435503608,1.8722706220275498e-8,1.715145197811463e-8,2.0271802389504323e-8,2.4125260101370838e-5,2.4125260101370838e-5,2.4125260101370838e-5,1.56022552760815e-9,1.4292876740947445e-9,1.6893168750438854e-9,4.085367810859682e-6,3.7419705322993636e-6,4.431915697436969e-6,13.418401900094514,78.26909552466056
TUR.81.6_1,2063,aegypti,0.0032219466425146134,2.9996896031983967e-5,2.8496739291403174e-5,3.158942784473873e-5,2.639103066304216e-5,2.639103066304216e-5,2.639103066304216e-5,2.4997415030997007e-6,2.3747284390032245e-6,2.632452518052525e-6,0.00548568673723538,0.00521154304134982,0.005777087149523404,14.349539163869386,76.16903983008048
TUR.81.6_1,2064,aegypti,0.0029215782149018734,7.36008430195878e-6,6.680033586953238e-6,8.014202804371151e-6,2.3896806564634627e-5,2.3896806564634627e-5,2.3896806564634627e-5,6.133403984615223e-7,5.566695025748433e-7,6.678502742223554e-7,0.001488313364494742,0.0013510796736339395,0.0016201909850830682,14.1676375102617,79.11581971696198
TUR.81.6_1,2065,aegypti,0.003033769672401022,4.349830335370619e-9,3.84125368735333e-9,4.919395729663378e-9,2.4849691121727375e-5,2.4849691121727375e-5,2.4849691121727375e-5,3.624858612808849e-10,3.2010447394611083e-10,4.099496441386149e-10,8.446553089657693e-7,7.459123858711651e-7,9.552258247521223e-7,14.111832462908591,80.14492267818432
TUR.81.6_1,2066,aegypti,0.00296110645626667,2.0755598571831068e-7,1.8763674950739163e-7,2.295626327419864e-7,2.4254512951293883e-5,2.4254512951293883e-5,2.4254512951293883e-5,1.7296332153277082e-8,1.5636395801534495e-8,1.9130219413437953e-8,4.130950134460797e-5,3.734854245082247e-5,4.569046042680671e-5,13.746236009559794,81.37279870560944
TUR.81.6_1,2067,aegypti,0.00307111612501548,1.2342374284901593e-7,1.0908858358582574e-7,1.3798935715181314e-7,2.5155592554273094e-5,2.5155592554273094e-5,2.5155592554273094e-5,1.028531190408466e-8,9.090715298818813e-9,1.1499113095984429e-8,2.3669541795708822e-5,2.0920430597497206e-5,2.6462828269091986e-5,14.159255785904094,77.05474418849926
TUR.81.6_1,2068,aegypti,0.002951125952858855,2.2757152788555058e-7,2.0203611520996924e-7,2.553077868033826e-7,2.4138486505916507e-5,2.4138486505916507e-5,2.4138486505916507e-5,1.896429402347318e-8,1.6836342970940238e-8,2.127564893728932e-8,5.394056173522326e-5,4.788228306808866e-5,6.051475117360821e-5,14.17669964150763,77.629052583885
TUR.81.6_1,2069,aegypti,0.00311917631746723,4.615642636275896e-6,4.188869372234727e-6,5.039410363477659e-6,2.5549249108506682e-5,2.5549249108506682e-5,2.5549249108506682e-5,3.8463698784177437e-7,3.4907253267541885e-7,4.1995096824222936e-7,8.814636676299673e-4,8.007563544268297e-4,9.616225565440193e-4,14.5037472676851,76.82512134761791
TUR.81.6_1,2070,aegypti,0.002915510234170127,1.8041353719620345e-5,1.6635082381638575e-5,1.9483258322963714e-5,2.3881038000800325e-5,2.3881038000800325e-5,2.3881038000800325e-5,1.5034461599197358e-6,1.386256880796475e-6,1.6236048759693532e-6,0.003644962921104861,0.0033608881048991365,0.003936193789736712,13.826428714555268,78.12548743139884
TUR.81.6_1,2071,aegypti,0.0030939347806386475,2.7766352905474356e-5,2.6182679451208778e-5,2.9349206672524275e-5,2.5342498056440954e-5,2.5342498056440954e-5,2.5342498056440954e-5,2.313862742314256e-6,2.1818899544792656e-6,2.4457672228868353e-6,0.005285653665925559,0.004984179309758953,0.005586972431222798,14.612645370922252,74.8244305695214
TUR.81.6_1,2072,aegypti,0.0031271394411999847,2.824891991953793e-7,2.4792553399433094e-7,3.2004948571640045e-7,2.5578153013405824e-5,2.5578153013405824e-5,2.5578153013405824e-5,2.354076659961494e-8,2.0660461166194246e-8,2.6670790476366704e-8,5.3278953468295244e-5,4.676006309691921e-5,6.036302265969365e-5,14.124096754354005,76.34406227321605
TUR.81.6_1,2073,aegypti,0.0029504440663111657,4.927182851610645e-6,4.535155973695027e-6,5.326355883772393e-6,2.4167178195764565e-5,2.4167178195764565e-5,2.4167178195764565e-5,4.105989806526729e-7,3.779300172137197e-7,4.4386348484494e-7,0.0010355467860571409,9.560435277227805e-4,0.0011185082636969374,14.054787241579856,76.07553397070548
TUR.81.6_1,2074,aegypti,0.003061903274635846,8.023413590929285e-6,7.539329724159938e-6,8.538458277884688e-6,2.508013093580989e-5,2.508013093580989e-5,2.508013093580989e-5,6.686191298751198e-7,6.282786526243256e-7,7.115396974341954e-7,0.001700761056024466,0.0015960538305068801,0.0018095760490174295,14.616997861029471,78.88009049943268
TUR.81.6_1,2075,aegypti,0.002965578978343677,6.653737206652188e-9,6.0650580085974675e-9,7.288814921069253e-9,2.4291147007656406e-5,2.4291147007656406e-5,2.4291147007656406e-5,5.54478100554349e-10,5.054215007164557e-10,6.074012434224377e-10,1.4108075448254117e-6,1.2884070269732206e-6,1.5442809305793447e-6,13.74031166549699,78.73948202978751
