Senaryo,k_vpd,sira,Ilce,P_horizon
SSP1-2.6,0.3,1,Kartal,0.9784627671708958
SSP1-2.6,0.3,2,Fethiye,0.008449815374306335
SSP1-2.6,0.3,3,Hopa,3.25212460551616e-4
SSP1-2.6,0.3,4,Zonguldak,2.1747886257628135e-4
SSP1-2.6,0.3,5,Egirdir,4.812340061999265e-7
SSP1-2.6,0.5,1,Kartal,0.9745742223407973
SSP1-2.6,0.5,2,Hopa,0.001505863777467198
SSP1-2.6,0.5,3,Zonguldak,1.9973995648636667e-4
SSP1-2.6,0.5,4,Fethiye,1.3419712716267185e-4
SSP1-2.6,0.5,5,Egirdir,4.940222453342358e-9
SSP1-2.6,0.8,1,Kartal,0.9760938146588001
SSP1-2.6,0.8,2,Hopa,0.005463970088278036
SSP1-2.6,0.8,3,Zonguldak,2.400356505845025e-4
SSP1-2.6,0.8,4,Fethiye,1.4007637711976884e-6
SSP1-2.6,0.8,5,Egirdir,1.4966361483459423e-11
SSP2-4.5,0.3,1,Kartal,0.9934281047628419
SSP2-4.5,0.3,2,Fethiye,0.0203902072531299
SSP2-4.5,0.3,3,Hopa,0.006302785818351642
SSP2-4.5,0.3,4,Zonguldak,8.044778812741349e-4
SSP2-4.5,0.3,5,Egirdir,2.351055972349414e-6
SSP2-4.5,0.5,1,Kartal,0.992183831376114
SSP2-4.5,0.5,2,Hopa,0.01078308896765312
SSP2-4.5,0.5,3,Fethiye,0.0032204669370518024
SSP2-4.5,0.5,4,Zonguldak,9.264175512642137e-4
SSP2-4.5,0.5,5,Egirdir,7.383075706357545e-8
SSP2-4.5,0.8,1,Kartal,0.9928164335796784
SSP2-4.5,0.8,2,Hopa,0.019896024323772576
SSP2-4.5,0.8,3,Zonguldak,0.0011791519188908417
SSP2-4.5,0.8,4,Fethiye,2.2328438150198693e-4
SSP2-4.5,0.8,5,Egirdir,2.399870302483009e-10
SSP5-8.5,0.3,1,Kartal,0.9997639759905008
SSP5-8.5,0.3,2,Hopa,0.013352423640374811
SSP5-8.5,0.3,3,Fethiye,0.01069060025544677
SSP5-8.5,0.3,4,Zonguldak,0.002368546034255292
SSP5-8.5,0.3,5,Egirdir,1.716533896689576e-6
SSP5-8.5,0.5,1,Kartal,0.9992674262659917
SSP5-8.5,0.5,2,Hopa,0.023691649759637223
SSP5-8.5,0.5,3,Zonguldak,0.0021774999869227374
SSP5-8.5,0.5,4,Fethiye,3.702767551021502e-4
SSP5-8.5,0.5,5,Egirdir,1.7491854853446398e-8
SSP5-8.5,0.8,1,Kartal,0.998032710775795
SSP5-8.5,0.8,2,Hopa,0.042940850547451226
SSP5-8.5,0.8,3,Zonguldak,0.0020932546607097535
SSP5-8.5,0.8,4,Fethiye,1.80871163959484e-5
SSP5-8.5,0.8,5,Egirdir,7.433231807851826e-11
