ssp,district,carpan,P,P_base,delta_pp,senaryolar,sinif
SSP1-2.6,Egirdir (Isparta),0.5,0,4.940222985472253e-9,-4.940222985472254e-7,m_050,"0,50x (m)"
SSP1-2.6,Egirdir (Isparta),0.8,1.0882682643931218e-11,4.940222985472253e-9,-4.929340302828322e-7,beta_minus_20 = ip_minus_20 = m_080,"0,80x (m / beta_vh / IP)"
SSP1-2.6,Egirdir (Isparta),1.2,5.655468400542763e-7,4.940222985472253e-9,5.60606617068804e-5,beta_plus_20 = ip_plus_20 = m_120,"1,20x (m / beta_vh / IP)"
SSP1-2.6,Egirdir (Isparta),2,0.00224511720789782,4.940222985472253e-9,0.22451122676748347,m_200,"2,00x (m)"
SSP1-2.6,Fethiye (Mugla),0.5,5.855361751017085e-13,1.341971255921678e-4,-0.013419712500663164,m_050,"0,50x (m)"
SSP1-2.6,Fethiye (Mugla),0.8,3.194493284427447e-7,1.341971255921678e-4,-0.013387767626372508,beta_minus_20 = ip_minus_20 = m_080,"0,80x (m / beta_vh / IP)"
SSP1-2.6,Fethiye (Mugla),1.2,0.01245354273358314,1.341971255921678e-4,1.2319345607990972,beta_plus_20 = ip_plus_20 = m_120,"1,20x (m / beta_vh / IP)"
SSP1-2.6,Fethiye (Mugla),2,0.9916908531923152,1.341971255921678e-4,99.1556656066723,m_200,"2,00x (m)"
SSP1-2.6,Hopa (Artvin),0.5,2.635439719234078e-9,0.00150586373819563,-0.15058611027559107,m_050,"0,50x (m)"
SSP1-2.6,Hopa (Artvin),0.8,1.558270050949706e-4,0.00150586373819563,-0.13500367331006594,beta_minus_20 = ip_minus_20 = m_080,"0,80x (m / beta_vh / IP)"
SSP1-2.6,Hopa (Artvin),1.2,0.00610780791881277,0.00150586373819563,0.46019441806171396,beta_plus_20 = ip_plus_20 = m_120,"1,20x (m / beta_vh / IP)"
SSP1-2.6,Hopa (Artvin),2,0.043027063209184833,0.00150586373819563,4.15211994709892,m_200,"2,00x (m)"
SSP1-2.6,Kartal (Istanbul),0.5,7.293331650459755e-7,0.9745737670131724,-97.45730376800074,m_050,"0,50x (m)"
SSP1-2.6,Kartal (Istanbul),0.8,0.12314033362543916,0.9745737670131724,-85.14334333877332,beta_minus_20 = ip_minus_20 = m_080,"0,80x (m / beta_vh / IP)"
SSP1-2.6,Kartal (Istanbul),1.2,0.9999947879807212,0.9745737670131724,2.5421020967548724,beta_plus_20 = ip_plus_20 = m_120,"1,20x (m / beta_vh / IP)"
SSP1-2.6,Kartal (Istanbul),2,1,0.9745737670131724,2.5426232986827557,m_200,"2,00x (m)"
SSP1-2.6,Zonguldak,0.5,9.181337468078254e-12,1.997399547803844e-4,-0.019973994559904694,m_050,"0,50x (m)"
SSP1-2.6,Zonguldak,0.8,2.615756139816461e-6,1.997399547803844e-4,-0.019712419864056797,beta_minus_20 = ip_minus_20 = m_080,"0,80x (m / beta_vh / IP)"
SSP1-2.6,Zonguldak,1.2,0.00133085587392617,1.997399547803844e-4,0.11311159191457858,beta_plus_20 = ip_plus_20 = m_120,"1,20x (m / beta_vh / IP)"
SSP1-2.6,Zonguldak,2,0.01128928003213553,1.997399547803844e-4,1.1089540077355147,m_200,"2,00x (m)"
SSP2-4.5,Egirdir (Isparta),0.5,3.320677066653843e-16,7.38307567791363e-8,-7.383075644706859e-6,m_050,"0,50x (m)"
SSP2-4.5,Egirdir (Isparta),0.8,1.926664429108271e-10,7.38307567791363e-8,-7.363809033622548e-6,beta_minus_20 = ip_minus_20 = m_080,"0,80x (m / beta_vh / IP)"
SSP2-4.5,Egirdir (Isparta),1.2,5.26503669511269e-6,7.38307567791363e-8,5.191205938333554e-4,beta_plus_20 = ip_plus_20 = m_120,"1,20x (m / beta_vh / IP)"
SSP2-4.5,Egirdir (Isparta),2,0.0026083819027742,7.38307567791363e-8,0.26083080720174207,m_200,"2,00x (m)"
SSP2-4.5,Fethiye (Mugla),0.5,3.6641772171996935e-11,0.00322046214646191,-0.3220462109820138,m_050,"0,50x (m)"
SSP2-4.5,Fethiye (Mugla),0.8,1.4880673029896374e-5,0.00322046214646191,-0.32055814734320137,beta_minus_20 = ip_minus_20 = m_080,"0,80x (m / beta_vh / IP)"
SSP2-4.5,Fethiye (Mugla),1.2,0.06484055611718983,0.00322046214646191,6.162009397072792,beta_plus_20 = ip_plus_20 = m_120,"1,20x (m / beta_vh / IP)"
SSP2-4.5,Fethiye (Mugla),2,0.9946220194588232,0.00322046214646191,99.14015573123613,m_200,"2,00x (m)"
SSP2-4.5,Hopa (Artvin),0.5,7.722482572651735e-6,0.01078308877987693,-1.0775366297304279,m_050,"0,50x (m)"
SSP2-4.5,Hopa (Artvin),0.8,0.00365247193527149,0.01078308877987693,-0.7130616844605441,beta_minus_20 = ip_minus_20 = m_080,"0,80x (m / beta_vh / IP)"
SSP2-4.5,Hopa (Artvin),1.2,0.0205783435167133,0.01078308877987693,0.979525473683637,beta_plus_20 = ip_plus_20 = m_120,"1,20x (m / beta_vh / IP)"
SSP2-4.5,Hopa (Artvin),2,0.06864736387364377,0.01078308877987693,5.786427509376684,m_200,"2,00x (m)"
SSP2-4.5,Kartal (Istanbul),0.5,4.857061112337857e-6,0.9921836694758172,-99.21788124147048,m_050,"0,50x (m)"
SSP2-4.5,Kartal (Istanbul),0.8,0.3139518747007616,0.9921836694758172,-67.82317947750556,beta_minus_20 = ip_minus_20 = m_080,"0,80x (m / beta_vh / IP)"
SSP2-4.5,Kartal (Istanbul),1.2,0.9999992787662844,0.9921836694758172,0.7815609290467207,beta_plus_20 = ip_plus_20 = m_120,"1,20x (m / beta_vh / IP)"
SSP2-4.5,Kartal (Istanbul),2,1,0.9921836694758172,0.7816330524182846,m_200,"2,00x (m)"
SSP2-4.5,Zonguldak,0.5,1.2657835750662372e-9,9.26417545627401e-4,-0.0926416279843826,m_050,"0,50x (m)"
SSP2-4.5,Zonguldak,0.8,9.739907652960178e-5,9.26417545627401e-4,-0.08290184690977993,beta_minus_20 = ip_minus_20 = m_080,"0,80x (m / beta_vh / IP)"
SSP2-4.5,Zonguldak,1.2,0.00279107477767163,9.26417545627401e-4,0.1864657232044229,beta_plus_20 = ip_plus_20 = m_120,"1,20x (m / beta_vh / IP)"
SSP2-4.5,Zonguldak,2,0.01380140593382167,9.26417545627401e-4,1.2874988388194268,m_200,"2,00x (m)"
SSP5-8.5,Egirdir (Isparta),0.5,0,1.7491854915285822e-8,-1.7491854915285821e-6,m_050,"0,50x (m)"
SSP5-8.5,Egirdir (Isparta),0.8,3.9180051980558514e-11,1.7491854915285822e-8,-1.7452674863305263e-6,beta_minus_20 = ip_minus_20 = m_080,"0,80x (m / beta_vh / IP)"
SSP5-8.5,Egirdir (Isparta),1.2,1.9210618123143285e-6,1.7491854915285822e-8,1.9035699573990427e-4,beta_plus_20 = ip_plus_20 = m_120,"1,20x (m / beta_vh / IP)"
SSP5-8.5,Egirdir (Isparta),2,0.00320405365922431,1.7491854915285822e-8,0.32040361673693946,m_200,"2,00x (m)"
SSP5-8.5,Fethiye (Mugla),0.5,1.852864417450917e-12,3.702767349144045e-4,-0.03702767330615401,m_050,"0,50x (m)"
SSP5-8.5,Fethiye (Mugla),0.8,9.59435587746138e-7,3.702767349144045e-4,-0.03693172993266584,beta_minus_20 = ip_minus_20 = m_080,"0,80x (m / beta_vh / IP)"
SSP5-8.5,Fethiye (Mugla),1.2,0.0267480623446474,3.702767349144045e-4,2.6377785609732998,beta_plus_20 = ip_plus_20 = m_120,"1,20x (m / beta_vh / IP)"
SSP5-8.5,Fethiye (Mugla),2,0.9971161272216964,3.702767349144045e-4,99.6745850486782,m_200,"2,00x (m)"
SSP5-8.5,Hopa (Artvin),0.5,5.2356083811405215e-5,0.02369164926996465,-2.3639293186153245,m_050,"0,50x (m)"
SSP5-8.5,Hopa (Artvin),0.8,0.0073147136847593304,0.02369164926996465,-1.6376935585205321,beta_minus_20 = ip_minus_20 = m_080,"0,80x (m / beta_vh / IP)"
SSP5-8.5,Hopa (Artvin),1.2,0.04475344606151689,0.02369164926996465,2.106179679155224,beta_plus_20 = ip_plus_20 = m_120,"1,20x (m / beta_vh / IP)"
SSP5-8.5,Hopa (Artvin),2,0.1293082523914477,0.02369164926996465,10.561660312148305,m_200,"2,00x (m)"
SSP5-8.5,Kartal (Istanbul),0.5,4.701004622137961e-6,0.9992673951892214,-99.92626941845992,m_050,"0,50x (m)"
SSP5-8.5,Kartal (Istanbul),0.8,0.3690332822431898,0.9992673951892214,-63.02341129460316,beta_minus_20 = ip_minus_20 = m_080,"0,80x (m / beta_vh / IP)"
SSP5-8.5,Kartal (Istanbul),1.2,0.9999999988403588,0.9992673951892214,0.07326036511374756,beta_plus_20 = ip_plus_20 = m_120,"1,20x (m / beta_vh / IP)"
SSP5-8.5,Kartal (Istanbul),2,1,0.9992673951892214,0.07326048107786365,m_200,"2,00x (m)"
SSP5-8.5,Zonguldak,0.5,1.185568591077768e-9,0.00217749996449626,-0.2177498778927669,m_050,"0,50x (m)"
SSP5-8.5,Zonguldak,0.8,1.4278879053972226e-4,0.00217749996449626,-0.20347111739565377,beta_minus_20 = ip_minus_20 = m_080,"0,80x (m / beta_vh / IP)"
SSP5-8.5,Zonguldak,1.2,0.00615683899197361,0.00217749996449626,0.39793390274773494,beta_plus_20 = ip_plus_20 = m_120,"1,20x (m / beta_vh / IP)"
SSP5-8.5,Zonguldak,2,0.02272106552061977,0.00217749996449626,2.054356555612351,m_200,"2,00x (m)"
